amount,location,transactions_last_hour,is_new_device,is_new_location,fraud
32007.4,Chennai,0,1,0,0
7062.94,Hyderabad,1,0,1,0
1586.88,Chennai,3,0,0,0
35829.38,Delhi,8,1,0,1
29504.36,Mumbai,0,0,1,0
13965.78,Guntur,3,1,0,0
19058.37,Hyderabad,5,1,1,1
36513.62,Guntur,8,0,1,1
27646.83,Guntur,10,1,0,1
2386.64,Chennai,3,1,0,0
43337.53,Mumbai,6,1,1,1
8216.44,Guntur,5,0,1,0
30495.64,Delhi,2,0,0,0
19034.83,Hyderabad,10,0,1,1
11529.5,Bangalore,0,1,1,1
3402.81,Delhi,9,1,0,0
19842.03,Bangalore,10,1,0,1
7067.55,Pune,8,1,1,1
18163.62,Hyderabad,2,1,0,0
43069.04,Guntur,2,0,1,0
19299.89,Hyderabad,9,1,1,1
34046.14,Guntur,1,1,1,1
14745.66,Bangalore,2,1,0,0
48597.22,Chennai,2,0,1,0
7726.68,Delhi,2,0,1,0
1071.89,Hyderabad,5,1,0,0
12119.49,Delhi,9,0,0,0
40819.56,Delhi,8,0,0,0
47347.75,Chennai,2,1,1,1
46452.78,Mumbai,3,1,1,1
21961.19,Chennai,8,1,0,1
11312.4,Chennai,5,0,0,0
458.82,Guntur,10,0,0,0
45280.46,Bangalore,5,0,0,0
33481.99,Chennai,3,0,1,0
39252.51,Guntur,6,0,0,0
32983.24,Delhi,5,1,1,1
43205.45,Pune,0,0,0,0
36437.86,Chennai,1,0,0,0
26860.66,Bangalore,2,1,0,0
23185.14,Hyderabad,1,1,0,0
32642.03,Chennai,8,0,0,0
8398.92,Pune,7,1,0,0
45131.9,Pune,2,1,0,0
13333.63,Delhi,7,1,1,1
7824.36,Hyderabad,4,0,0,0
37423.98,Vijayawada,0,0,1,0
2938.29,Guntur,8,0,0,0
29792.25,Guntur,10,0,1,1
47085.65,Guntur,9,0,0,0
21019.32,Chennai,9,1,1,1
33519.33,Pune,5,0,1,1
6630.83,Mumbai,10,1,1,1
46458.01,Guntur,1,0,1,0
3755.71,Mumbai,3,1,0,0
44055.12,Vijayawada,3,1,1,1
21965.41,Bangalore,8,1,0,1
46594.63,Guntur,1,0,1,0
44496.66,Bangalore,8,0,1,1
30281.01,Delhi,5,0,1,1
12630.95,Bangalore,0,0,1,0
2299.93,Vijayawada,5,0,1,0
37087.42,Guntur,8,1,0,1
3854.67,Vijayawada,2,0,1,0
21546.36,Hyderabad,0,1,1,1
44956.34,Mumbai,3,0,0,0
39027.8,Vijayawada,6,0,0,0
48812.68,Vijayawada,2,1,0,0
36854.57,Bangalore,5,1,0,1
8043.97,Delhi,1,1,0,0
11199.44,Chennai,7,1,1,1
11223.89,Mumbai,10,0,1,1
14002.29,Pune,1,1,1,1
34007.95,Guntur,8,1,0,1
43864.22,Hyderabad,4,0,1,0
5509.29,Pune,6,1,1,1
30349.82,Chennai,8,0,1,1
12810.65,Mumbai,6,0,0,0
21621.74,Guntur,10,1,1,1
36015.74,Mumbai,4,1,1,1
20179.78,Pune,4,0,0,0
33279.98,Pune,6,0,1,1
27442.07,Chennai,0,1,1,1
21551.42,Delhi,9,1,1,1
22163.77,Guntur,3,1,0,0
14260.94,Chennai,10,1,0,1
33672.5,Hyderabad,3,0,0,0
2406.06,Pune,7,0,1,0
44318.23,Delhi,9,0,1,1
20042.68,Pune,2,0,0,0
11020.17,Chennai,8,1,0,1
45881.75,Delhi,1,1,0,0
33412.13,Pune,8,1,1,1
41545.4,Delhi,8,1,0,1
22558.48,Chennai,3,1,1,1
13802.41,Bangalore,1,1,0,0
16858.79,Vijayawada,8,0,0,0
11639.95,Pune,2,0,0,0
20439.21,Hyderabad,8,1,1,1
10421.04,Pune,6,1,0,1
23901.29,Pune,5,1,1,1
26957.21,Chennai,8,0,1,1
13719.47,Mumbai,7,0,1,1
33476.79,Vijayawada,6,0,1,1
49038.03,Hyderabad,8,0,1,1
4288.98,Vijayawada,6,0,1,0
2609.2,Delhi,6,1,0,0
16409.61,Bangalore,6,1,1,1
41762.05,Mumbai,7,0,0,0
11288.69,Chennai,1,0,0,0
10048.1,Vijayawada,0,0,0,0
23730.7,Bangalore,1,0,1,0
38368.22,Bangalore,2,0,0,0
5494.13,Pune,0,1,1,0
47079.38,Guntur,3,0,0,0
34889.93,Mumbai,4,0,0,0
26683.99,Mumbai,10,1,0,1
731.34,Pune,6,1,0,0
48043.3,Pune,10,1,0,1
8889.23,Delhi,8,1,1,1
21835.17,Chennai,9,1,1,1
41553.48,Chennai,1,1,1,1
37548.77,Hyderabad,9,1,1,1
24765.89,Chennai,5,0,1,1
17805.77,Bangalore,4,1,1,1
27833.97,Chennai,8,0,0,0
36031.73,Delhi,7,0,1,1
22463.91,Chennai,0,0,1,0
20279.62,Delhi,3,1,1,1
27718.3,Mumbai,5,1,1,1
35172.46,Chennai,4,1,1,1
6120.73,Vijayawada,3,1,0,0
9657.89,Guntur,7,1,1,1
41648.16,Vijayawada,4,0,1,0
15183.15,Hyderabad,8,0,1,1
48717.32,Delhi,8,1,0,1
5219.12,Delhi,0,1,1,0
22079.39,Delhi,2,0,1,0
5792.95,Guntur,1,1,1,0
28893.36,Vijayawada,10,0,0,0
40575.99,Guntur,4,0,0,0
27947.84,Delhi,6,0,1,1
45434.37,Hyderabad,4,1,1,1
30520.58,Bangalore,1,0,0,0
33055.36,Guntur,2,0,0,0
7910.98,Bangalore,6,1,1,1
1728.73,Guntur,4,1,1,0
34400.51,Guntur,4,0,1,0
27273.66,Vijayawada,10,0,1,1
3663.35,Delhi,2,1,1,0
6305.25,Delhi,4,1,1,0
21944.17,Mumbai,9,0,1,1
30225.31,Hyderabad,0,0,0,0
49978.66,Vijayawada,10,1,0,1
23577.99,Vijayawada,10,1,1,1
49847.58,Delhi,6,1,0,1
17463.26,Vijayawada,5,1,0,1
16557.2,Hyderabad,7,1,1,1
22795.81,Guntur,5,1,1,1
48512.22,Pune,6,0,1,1
2804.78,Delhi,8,1,1,1
38023.53,Bangalore,3,1,0,0
21961.99,Chennai,7,0,0,0
35518.16,Guntur,4,0,1,0
11312.56,Vijayawada,1,1,0,0
24968.94,Delhi,4,1,1,1
49014.21,Pune,3,1,0,0
9611.46,Bangalore,9,0,0,0
38656.49,Hyderabad,6,1,1,1
14213.67,Delhi,4,1,0,0
26975.17,Delhi,5,1,1,1
46649.33,Chennai,3,0,1,0
42815.05,Delhi,6,0,1,1
35290.87,Delhi,6,1,0,1
48244.74,Delhi,2,1,0,0
5075.61,Pune,7,0,0,0
43559.56,Bangalore,2,0,1,0
16994.21,Pune,6,0,1,1
47711.57,Guntur,10,1,0,1
11815.04,Guntur,10,1,0,1
21755.18,Vijayawada,1,0,1,0
34730.66,Hyderabad,0,0,1,0
14739.05,Chennai,5,1,0,1
26605.2,Vijayawada,9,0,0,0
4040.52,Vijayawada,6,0,1,0
11686.2,Bangalore,10,1,1,1
33375.35,Guntur,7,1,0,1
22142.32,Bangalore,5,1,1,1
22896.11,Delhi,4,0,1,0
5422.0,Bangalore,6,1,1,1
1194.79,Hyderabad,10,1,1,1
28339.86,Bangalore,10,0,1,1
38809.47,Chennai,3,1,0,0
31082.47,Hyderabad,10,0,0,0
15515.75,Vijayawada,7,0,1,1
4597.66,Vijayawada,4,1,1,0
10119.66,Vijayawada,8,1,1,1
12922.81,Guntur,7,1,1,1
23469.74,Pune,1,0,0,0
48366.76,Pune,8,1,0,1
794.54,Mumbai,8,0,1,0
33674.14,Mumbai,10,1,1,1
5506.47,Mumbai,3,1,0,0
45771.27,Bangalore,3,0,1,0
32497.05,Hyderabad,1,0,0,0
15287.79,Chennai,7,0,0,0
44374.24,Mumbai,2,1,1,1
33557.26,Pune,8,1,0,1
32780.6,Hyderabad,7,1,1,1
34545.01,Chennai,3,1,1,1
42786.96,Hyderabad,1,1,1,1
19967.17,Guntur,3,0,1,0
33172.16,Mumbai,10,0,0,0
12254.09,Chennai,2,0,0,0
29360.52,Hyderabad,3,1,0,0
13936.01,Vijayawada,2,0,1,0
5585.32,Mumbai,0,0,0,0
39520.23,Vijayawada,3,1,0,0
13341.84,Guntur,2,1,0,0
23864.67,Chennai,5,0,1,1
47276.24,Hyderabad,0,1,1,1
3135.19,Guntur,7,1,1,1
24564.42,Mumbai,7,0,0,0
30454.04,Mumbai,1,0,1,0
19107.13,Pune,9,1,1,1
5049.01,Delhi,1,0,1,0
44415.74,Pune,6,1,1,1
20857.88,Mumbai,1,1,1,1
33288.88,Guntur,5,0,1,1
4652.12,Guntur,1,0,1,0
37254.99,Mumbai,5,0,0,0
33533.66,Hyderabad,6,1,1,1
48423.09,Guntur,9,1,1,1
28938.13,Chennai,3,0,1,0
42379.01,Bangalore,5,1,0,1
28747.59,Hyderabad,6,0,1,1
9102.76,Hyderabad,4,1,1,0
9152.14,Vijayawada,2,1,0,0
37074.36,Pune,0,0,0,0
21049.64,Bangalore,5,0,1,1
36107.64,Vijayawada,9,0,0,0
7954.75,Bangalore,9,0,0,0
22211.34,Pune,6,1,1,1
13731.03,Pune,8,0,1,1
5633.4,Hyderabad,10,1,1,1
11103.87,Chennai,9,0,0,0
15140.83,Bangalore,3,0,1,0
16473.31,Vijayawada,0,1,1,1
6546.37,Guntur,8,0,1,0
19913.85,Delhi,0,1,0,0
46066.01,Pune,5,1,1,1
14546.81,Vijayawada,6,0,1,1
40085.98,Guntur,9,1,1,1
21891.92,Pune,1,0,1,0
26245.73,Chennai,6,1,1,1
16720.12,Chennai,2,0,0,0
45305.54,Chennai,5,1,0,1
5229.95,Vijayawada,4,0,0,0
38034.74,Delhi,10,0,0,0
23251.26,Mumbai,9,1,1,1
7632.77,Bangalore,1,1,1,0
39836.85,Guntur,9,0,1,1
15589.35,Mumbai,7,0,0,0
41601.66,Delhi,1,0,1,0
29058.44,Mumbai,0,1,0,0
30289.79,Delhi,8,0,0,0
5264.74,Hyderabad,5,0,0,0
12462.41,Mumbai,7,1,0,1
18705.31,Mumbai,4,1,1,1
33977.0,Mumbai,0,1,0,0
4815.85,Bangalore,10,1,1,1
36214.31,Guntur,10,0,1,1
29178.7,Pune,2,1,1,1
6534.69,Mumbai,1,1,1,0
40677.92,Mumbai,10,0,1,1
1009.7,Mumbai,4,0,0,0
47388.65,Vijayawada,7,0,0,0
7831.76,Mumbai,4,0,0,0
43832.0,Vijayawada,9,0,1,1
8196.14,Hyderabad,9,0,1,0
20601.84,Bangalore,10,0,1,1
37644.32,Bangalore,7,0,0,0
48283.27,Delhi,7,0,1,1
23137.83,Vijayawada,4,1,1,1
40862.87,Hyderabad,9,0,1,1
32094.83,Bangalore,5,0,0,0
4285.37,Vijayawada,2,1,1,0
41569.23,Mumbai,1,0,1,0
46530.55,Mumbai,6,0,1,1
11865.33,Hyderabad,1,1,0,0
16002.38,Vijayawada,1,1,0,0
2011.33,Delhi,7,0,1,0
30805.88,Chennai,1,0,1,0
41764.66,Bangalore,8,1,0,1
11958.25,Pune,1,0,0,0
31983.69,Guntur,9,1,0,1
41850.72,Vijayawada,7,0,0,0
14634.47,Pune,0,1,0,0
9446.96,Guntur,10,0,1,0
47674.84,Delhi,8,0,1,1
2272.37,Hyderabad,6,1,1,1
17918.98,Guntur,1,1,0,0
38597.92,Mumbai,5,0,0,0
27346.09,Delhi,10,0,1,1
31623.62,Hyderabad,2,0,1,0
14742.78,Mumbai,0,0,0,0
46675.21,Bangalore,8,1,1,1
1927.38,Mumbai,10,0,1,0
43120.71,Guntur,0,1,1,1
39987.19,Pune,6,1,1,1
17017.93,Mumbai,2,1,1,1
46223.09,Pune,8,1,0,1
4038.46,Mumbai,9,0,1,0
5219.64,Delhi,5,1,1,1
30170.82,Mumbai,6,0,1,1
22411.77,Hyderabad,5,1,1,1
3844.55,Vijayawada,10,1,1,1
47644.19,Vijayawada,2,1,0,0
3454.94,Pune,10,1,1,1
47478.41,Mumbai,0,0,1,0
18663.47,Pune,1,0,1,0
15787.83,Hyderabad,4,0,0,0
36810.18,Bangalore,7,1,0,1
38770.73,Delhi,7,0,1,1
10088.9,Vijayawada,2,0,1,0
44944.08,Mumbai,7,0,1,1
35506.07,Vijayawada,8,1,1,1
35619.27,Chennai,10,0,1,1
6155.99,Delhi,3,0,0,0
1411.57,Vijayawada,8,1,1,1
30636.22,Pune,1,0,1,0
49979.79,Guntur,7,1,1,1
6353.81,Delhi,5,0,1,0
34037.44,Vijayawada,5,0,0,0
21687.65,Bangalore,0,0,0,0
8316.39,Bangalore,5,0,1,0
42312.09,Vijayawada,4,0,1,0
31288.62,Vijayawada,9,0,0,0
8642.91,Hyderabad,9,1,0,0
4153.02,Pune,10,1,0,0
30943.61,Bangalore,0,1,1,1
24198.95,Delhi,10,1,1,1
3741.35,Pune,0,0,1,0
24264.13,Mumbai,3,1,0,0
43088.11,Vijayawada,5,1,1,1
38057.18,Chennai,8,0,1,1
23376.98,Vijayawada,4,1,0,0
4930.9,Chennai,4,1,1,0
48138.02,Chennai,2,1,1,1
38179.76,Bangalore,7,1,1,1
24918.78,Chennai,1,1,1,1
10835.71,Bangalore,5,0,0,0
24795.22,Hyderabad,10,1,1,1
42373.9,Mumbai,6,0,1,1
38216.45,Hyderabad,5,0,1,1
28557.05,Guntur,3,1,1,1
19378.81,Vijayawada,7,1,0,1
48756.63,Mumbai,6,1,1,1
37772.76,Hyderabad,3,1,0,0
2041.81,Vijayawada,5,1,1,1
30352.4,Mumbai,8,0,1,1
8208.85,Delhi,9,1,1,1
35466.12,Mumbai,4,1,0,0
16628.86,Hyderabad,1,1,1,1
29885.79,Delhi,4,0,0,0
8608.55,Chennai,10,1,0,0
1675.37,Delhi,1,0,0,0
15753.25,Pune,2,1,0,0
25140.79,Vijayawada,9,1,0,1
25982.29,Pune,8,1,1,1
15756.25,Mumbai,2,1,1,1
33825.84,Chennai,10,1,1,1
47871.14,Bangalore,4,1,0,0
38581.6,Delhi,3,1,1,1
17505.28,Pune,4,1,0,0
44798.45,Bangalore,6,1,0,1
2199.12,Bangalore,1,1,1,0
37392.19,Bangalore,3,0,1,0
6949.92,Hyderabad,9,0,0,0
33524.71,Hyderabad,8,0,0,0
5099.88,Vijayawada,5,1,0,0
358.55,Delhi,8,0,1,0
23924.68,Bangalore,3,1,1,1
32330.31,Vijayawada,1,0,0,0
20952.46,Delhi,2,0,1,0
9396.95,Bangalore,4,0,0,0
28441.3,Delhi,1,1,1,1
49456.06,Delhi,8,1,0,1
13714.57,Delhi,1,1,0,0
32449.44,Bangalore,2,0,1,0
28432.28,Pune,3,0,1,0
25812.5,Vijayawada,1,1,0,0
49086.09,Hyderabad,7,1,0,1
13113.19,Mumbai,3,1,1,1
15167.1,Mumbai,9,0,1,1
34669.15,Bangalore,0,0,1,0
8069.87,Bangalore,10,1,0,0
18440.44,Delhi,3,0,0,0
7743.96,Delhi,9,1,1,1
37891.79,Guntur,10,0,0,0
26322.78,Guntur,8,1,0,1
3181.73,Vijayawada,8,0,0,0
16473.07,Chennai,8,1,0,1
35874.21,Hyderabad,7,0,1,1
22726.27,Hyderabad,8,1,1,1
27983.98,Pune,10,1,0,1
12797.42,Hyderabad,0,0,0,0
21242.5,Delhi,1,0,0,0
1683.57,Pune,6,0,0,0
18785.6,Pune,6,1,1,1
4104.47,Guntur,10,0,1,0
9005.83,Chennai,8,1,0,0
41757.6,Pune,0,1,1,1
26643.49,Mumbai,3,0,1,0
7840.56,Pune,3,0,0,0
30784.67,Guntur,0,0,0,0
5134.75,Chennai,0,1,0,0
37053.0,Chennai,6,1,0,1
37743.85,Chennai,0,0,1,0
40807.73,Chennai,9,1,1,1
15158.05,Bangalore,2,0,1,0
13830.18,Delhi,8,0,1,1
2439.52,Pune,5,1,1,1
20472.13,Delhi,4,1,0,0
12124.31,Delhi,3,1,0,0
45745.58,Vijayawada,8,1,1,1
19482.11,Guntur,4,0,1,0
46119.08,Hyderabad,5,0,0,0
13496.23,Chennai,10,0,0,0
40252.07,Chennai,9,0,1,1
43486.75,Chennai,5,1,0,1
46864.27,Chennai,1,1,0,0
19891.94,Pune,3,1,1,1
23365.9,Bangalore,10,1,1,1
18046.27,Delhi,7,1,0,1
38105.29,Mumbai,5,0,1,1
20755.12,Hyderabad,9,0,0,0
13112.63,Vijayawada,9,1,1,1
9889.97,Delhi,3,1,0,0
27577.06,Delhi,10,1,1,1
48328.76,Vijayawada,10,1,1,1
36665.33,Delhi,5,0,0,0
9283.98,Guntur,8,0,0,0
47264.89,Pune,10,0,0,0
6960.83,Vijayawada,10,0,0,0
556.16,Hyderabad,8,1,1,1
30929.98,Hyderabad,10,1,1,1
429.96,Hyderabad,8,1,0,0
26517.94,Pune,4,1,0,0
40327.77,Vijayawada,2,0,0,0
12124.34,Bangalore,9,1,1,1
39767.32,Delhi,1,1,1,1
28293.61,Hyderabad,3,1,0,0
4765.68,Hyderabad,6,1,1,1
31873.73,Pune,2,0,1,0
32280.87,Chennai,5,0,0,0
10649.71,Hyderabad,9,1,1,1
46215.55,Vijayawada,10,1,0,1
46445.44,Vijayawada,5,0,0,0
37637.5,Vijayawada,6,0,1,1
28241.51,Pune,9,1,1,1
37804.9,Hyderabad,2,0,1,0
4974.52,Pune,3,0,1,0
48449.13,Delhi,5,0,1,1
24581.11,Vijayawada,5,1,1,1
34016.77,Bangalore,10,1,0,1
39922.95,Vijayawada,1,0,1,0
19062.0,Mumbai,10,0,1,1
18098.94,Delhi,1,0,1,0
18059.88,Guntur,4,0,0,0
9450.85,Hyderabad,7,1,0,0
4571.98,Pune,8,0,1,0
715.8,Chennai,6,1,0,0
28640.83,Vijayawada,2,1,0,0
13519.06,Guntur,4,1,0,0
8443.65,Delhi,4,1,1,0
39155.06,Delhi,5,1,0,1
29730.94,Vijayawada,3,1,0,0
15302.43,Mumbai,6,1,1,1
22067.12,Mumbai,6,0,1,1
30200.24,Vijayawada,3,1,1,1
48232.27,Chennai,5,1,1,1
16361.72,Guntur,4,1,1,1
46610.15,Delhi,3,0,0,0
47154.45,Guntur,3,1,1,1
40966.38,Bangalore,6,1,0,1
12176.86,Pune,10,0,1,1
3790.86,Pune,9,1,1,1
27227.9,Chennai,5,0,0,0
32914.32,Pune,5,0,0,0
48343.88,Hyderabad,5,1,0,1
5020.47,Mumbai,3,0,1,0
19617.6,Hyderabad,10,0,1,1
24190.28,Guntur,4,1,0,0
41582.76,Mumbai,2,1,1,1
22821.1,Delhi,3,1,1,1
4971.39,Bangalore,7,1,0,0
2329.68,Guntur,1,0,1,0
33889.25,Vijayawada,2,0,0,0
16616.38,Pune,6,1,0,1
31525.04,Hyderabad,2,1,1,1
36895.68,Pune,3,1,1,1
322.06,Guntur,3,0,1,0
28909.66,Mumbai,8,0,1,1
9934.01,Mumbai,1,1,1,0
29888.84,Mumbai,9,1,0,1
17664.05,Guntur,7,0,1,1
33638.29,Bangalore,5,0,0,0
5935.75,Pune,5,0,1,0
29861.65,Vijayawada,9,1,1,1
24384.84,Delhi,8,0,0,0
14512.86,Hyderabad,2,1,1,1
43289.56,Chennai,0,1,0,0
40779.28,Delhi,8,1,1,1
20839.96,Guntur,7,1,0,1
28313.35,Bangalore,3,1,0,0
11319.69,Delhi,4,0,1,0
27531.34,Mumbai,1,0,1,0
27147.96,Pune,0,1,0,0
5210.58,Hyderabad,10,0,1,0
22541.64,Guntur,5,0,1,1
38804.02,Pune,3,0,1,0
8382.48,Hyderabad,2,0,0,0
28546.71,Mumbai,8,1,0,1
48952.11,Guntur,4,1,1,1
6865.89,Vijayawada,6,0,1,0
35101.18,Mumbai,2,0,0,0
41441.24,Vijayawada,10,1,1,1
28913.53,Delhi,4,1,1,1
3868.26,Mumbai,1,1,1,0
22789.31,Guntur,7,1,0,1
36573.5,Pune,7,1,0,1
10969.71,Bangalore,6,0,1,1
16210.97,Delhi,4,1,0,0
39436.35,Guntur,10,0,0,0
31346.36,Vijayawada,7,0,0,0
22120.17,Vijayawada,0,1,0,0
44119.17,Guntur,4,0,1,0
32763.94,Vijayawada,4,0,1,0
2684.19,Pune,10,1,0,0
32808.71,Delhi,1,0,0,0
3989.14,Hyderabad,9,0,1,0
502.32,Vijayawada,5,0,1,0
23937.24,Guntur,3,1,0,0
5249.76,Pune,5,1,0,0
38695.68,Hyderabad,2,0,0,0
30554.93,Chennai,2,1,1,1
31441.19,Chennai,2,1,1,1
4425.73,Pune,1,0,0,0
17641.63,Chennai,6,1,0,1
13920.69,Hyderabad,1,0,1,0
42409.82,Chennai,10,1,0,1
37417.4,Delhi,4,0,0,0
19355.69,Hyderabad,3,1,0,0
49345.44,Pune,5,0,1,1
18334.08,Guntur,10,0,1,1
932.8,Chennai,1,0,1,0
2087.36,Pune,0,1,1,0
21236.4,Bangalore,6,0,0,0
4271.49,Mumbai,1,0,0,0
19597.5,Pune,10,0,1,1
36524.92,Guntur,3,0,0,0
46238.92,Bangalore,1,1,0,0
33337.37,Hyderabad,10,0,0,0
35424.24,Mumbai,0,0,1,0
26197.97,Vijayawada,4,0,1,0
37513.84,Mumbai,4,0,0,0
40374.68,Guntur,4,0,1,0
24857.76,Delhi,8,1,0,1
42982.05,Bangalore,2,1,0,0
38689.11,Hyderabad,9,0,0,0
2297.49,Delhi,0,0,0,0
18262.43,Pune,2,0,0,0
11303.31,Bangalore,3,1,1,1
41317.25,Hyderabad,9,1,0,1
9049.28,Guntur,8,0,1,0
43861.86,Guntur,4,1,1,1
27699.26,Bangalore,0,1,0,0
28233.96,Mumbai,4,0,1,0
29625.38,Vijayawada,7,0,0,0
418.26,Mumbai,6,0,0,0
31833.5,Pune,0,1,0,0
42465.4,Chennai,4,0,0,0
21048.81,Guntur,0,0,1,0
2290.62,Delhi,3,1,1,0
48730.28,Pune,1,0,0,0
3834.04,Vijayawada,9,0,1,0
11914.91,Mumbai,4,1,1,1
15971.08,Chennai,4,0,0,0
6891.98,Guntur,9,0,0,0
8302.31,Guntur,7,1,1,1
26842.63,Delhi,3,1,1,1
13323.9,Bangalore,1,0,0,0
41336.7,Mumbai,9,0,0,0
7501.36,Hyderabad,3,1,1,0
33891.45,Pune,4,0,0,0
42744.61,Delhi,8,0,0,0
5185.18,Hyderabad,2,0,0,0
41535.58,Pune,3,0,0,0
18674.76,Guntur,10,0,1,1
1187.83,Vijayawada,1,0,1,0
4689.73,Delhi,5,0,0,0
2626.82,Delhi,9,1,1,1
1571.17,Mumbai,10,1,0,0
10814.33,Delhi,2,1,1,1
44182.85,Delhi,0,0,1,0
20658.41,Guntur,8,1,0,1
14060.82,Chennai,2,1,0,0
31574.64,Mumbai,8,0,1,1
24036.25,Pune,7,1,1,1
13594.74,Hyderabad,0,1,0,0
44798.66,Mumbai,4,0,1,0
38365.42,Chennai,3,0,0,0
32877.53,Pune,4,0,0,0
17804.75,Mumbai,2,0,0,0
40329.89,Vijayawada,5,0,1,1
28199.13,Vijayawada,3,1,1,1
24572.78,Chennai,1,0,0,0
1094.41,Chennai,7,0,1,0
40341.63,Hyderabad,5,0,1,1
1193.45,Mumbai,9,0,0,0
48031.88,Mumbai,5,1,0,1
15158.08,Delhi,2,0,1,0
32494.1,Vijayawada,2,1,0,0
18981.37,Hyderabad,4,0,0,0
47444.53,Vijayawada,9,1,0,1
30159.19,Delhi,9,0,0,0
7118.1,Mumbai,1,0,1,0
8477.58,Hyderabad,1,1,1,0
13334.1,Bangalore,3,0,1,0
39372.3,Delhi,0,0,1,0
36655.97,Pune,2,1,1,1
17626.44,Chennai,6,0,1,1
8216.56,Hyderabad,1,0,1,0
16003.97,Vijayawada,1,0,1,0
44407.77,Mumbai,2,0,0,0
29742.12,Pune,9,1,0,1
47127.87,Hyderabad,2,1,0,0
5152.76,Bangalore,3,0,1,0
33063.83,Hyderabad,4,0,0,0
19705.82,Hyderabad,8,1,0,1
18105.36,Delhi,6,0,1,1
10063.77,Bangalore,0,0,0,0
48855.18,Pune,7,0,1,1
23600.13,Pune,10,1,0,1
9325.57,Delhi,6,1,0,0
2326.38,Chennai,7,1,1,1
41870.23,Guntur,9,0,0,0
4376.79,Hyderabad,5,1,0,0
42055.78,Chennai,8,1,1,1
23865.49,Vijayawada,1,1,0,0
6102.07,Chennai,7,0,0,0
40442.19,Guntur,2,0,1,0
49415.17,Bangalore,6,0,0,0
16055.5,Pune,1,0,1,0
27647.5,Pune,4,1,0,0
5714.69,Guntur,2,0,0,0
28177.92,Pune,1,1,1,1
13280.42,Hyderabad,10,1,1,1
8692.77,Hyderabad,6,0,1,0
19850.06,Delhi,5,0,0,0
46049.67,Bangalore,5,0,1,1
15616.37,Vijayawada,7,0,0,0
15093.97,Pune,7,1,1,1
30288.46,Chennai,1,0,1,0
45680.3,Hyderabad,6,1,1,1
25811.96,Pune,2,0,1,0
6868.93,Chennai,8,0,0,0
43771.51,Hyderabad,3,0,0,0
22876.79,Mumbai,5,0,1,1
41192.96,Hyderabad,8,1,0,1
12172.71,Delhi,7,1,0,1
29385.32,Bangalore,5,1,0,1
37473.16,Pune,1,1,0,0
2577.59,Chennai,9,0,0,0
33916.99,Hyderabad,4,1,0,0
23757.45,Chennai,2,0,0,0
12694.28,Pune,4,1,1,1
42594.15,Delhi,7,1,0,1
15177.04,Hyderabad,8,1,0,1
25624.53,Bangalore,10,1,1,1
34252.22,Bangalore,7,0,1,1
32065.68,Chennai,4,1,1,1
7581.47,Mumbai,3,0,1,0
34069.71,Bangalore,0,1,1,1
45354.89,Chennai,6,1,0,1
17224.04,Bangalore,3,1,1,1
42286.42,Guntur,10,0,1,1
23591.97,Guntur,4,0,1,0
11190.45,Mumbai,3,1,1,1
18646.95,Guntur,9,1,1,1
23579.77,Chennai,10,0,1,1
25073.82,Pune,10,1,1,1
2797.69,Mumbai,2,0,0,0
20518.67,Mumbai,9,1,0,1
43133.46,Mumbai,2,0,1,0
31588.54,Hyderabad,2,1,0,0
22657.46,Delhi,3,0,0,0
39282.02,Pune,1,0,1,0
20229.33,Hyderabad,7,1,0,1
26735.75,Chennai,5,0,1,1
994.01,Mumbai,0,0,0,0
15673.4,Vijayawada,1,1,1,1
3357.82,Delhi,0,1,1,0
36418.81,Vijayawada,9,1,1,1
17202.37,Vijayawada,7,1,0,1
47409.41,Chennai,6,0,0,0
36385.72,Vijayawada,2,0,0,0
6245.78,Bangalore,10,0,1,0
38585.36,Guntur,9,0,0,0
32713.02,Pune,0,0,0,0
22271.28,Vijayawada,1,1,1,1
10354.2,Pune,10,0,1,1
33117.06,Pune,10,1,0,1
41549.57,Guntur,1,0,1,0
39259.53,Bangalore,7,0,0,0
41591.79,Bangalore,3,1,1,1
8102.64,Delhi,8,1,0,0
16597.12,Guntur,0,0,0,0
41778.09,Guntur,10,1,0,1
38998.36,Chennai,1,0,1,0
22891.89,Hyderabad,4,1,1,1
5080.46,Mumbai,2,0,1,0
40099.65,Guntur,5,1,0,1
42577.17,Vijayawada,0,0,0,0
16500.18,Mumbai,7,1,0,1
40766.72,Pune,2,0,1,0
48119.27,Pune,4,1,1,1
32477.44,Hyderabad,2,0,0,0
49080.3,Delhi,2,0,1,0
40133.01,Pune,10,1,0,1
38980.3,Delhi,9,0,0,0
46027.86,Hyderabad,1,1,1,1
3260.47,Chennai,10,1,0,0
48896.99,Pune,10,1,0,1
33119.49,Pune,3,1,1,1
7517.86,Vijayawada,8,0,0,0
25327.82,Guntur,7,1,0,1
37596.36,Bangalore,5,0,1,1
2612.5,Chennai,3,1,1,0
4033.65,Delhi,7,1,0,0
22408.7,Guntur,1,1,0,0
20231.64,Bangalore,0,0,0,0
44516.53,Mumbai,8,0,1,1
18230.79,Mumbai,0,0,1,0
28051.53,Delhi,9,1,1,1
5789.77,Mumbai,10,0,0,0
17821.44,Guntur,10,1,1,1
2384.33,Pune,2,1,0,0
5437.38,Guntur,9,0,0,0
46517.79,Chennai,6,0,1,1
35867.72,Guntur,1,1,0,0
38630.04,Delhi,7,1,0,1
316.45,Vijayawada,0,1,1,0
34621.7,Pune,2,0,0,0
32910.34,Pune,9,1,1,1
48977.09,Mumbai,3,1,1,1
48527.53,Pune,7,0,0,0
30165.97,Chennai,8,1,1,1
10124.37,Vijayawada,9,1,1,1
49068.64,Guntur,10,0,1,1
38062.67,Bangalore,8,1,1,1
43886.11,Hyderabad,6,0,0,0
19105.43,Bangalore,0,0,0,0
37534.23,Vijayawada,2,1,1,1
41985.15,Mumbai,4,0,0,0
40719.91,Chennai,1,0,1,0
25595.02,Pune,4,0,1,0
20886.66,Hyderabad,10,1,0,1
37209.13,Mumbai,3,1,0,0
37779.87,Bangalore,8,0,0,0
22495.86,Vijayawada,10,0,0,0
36780.47,Pune,1,1,0,0
14027.7,Bangalore,4,0,0,0
381.69,Vijayawada,7,0,0,0
46438.55,Delhi,9,0,1,1
39516.42,Mumbai,8,1,0,1
26317.21,Pune,2,0,0,0
27199.7,Chennai,6,0,1,1
44181.5,Mumbai,10,1,1,1
14749.36,Guntur,9,1,0,1
33480.03,Hyderabad,7,0,0,0
34159.31,Pune,5,1,0,1
12903.87,Delhi,4,0,1,0
24391.55,Guntur,4,0,1,0
47415.77,Chennai,2,0,0,0
33549.72,Chennai,3,1,0,0
26933.94,Hyderabad,6,0,0,0
23015.34,Guntur,5,0,0,0
2807.98,Bangalore,4,0,0,0
20440.88,Mumbai,7,1,1,1
942.86,Guntur,10,0,0,0
37822.43,Mumbai,9,0,0,0
46409.58,Guntur,1,1,1,1
14147.72,Hyderabad,7,1,1,1
23751.99,Pune,8,0,0,0
39858.84,Bangalore,8,1,0,1
33896.72,Vijayawada,10,1,0,1
6249.43,Bangalore,0,1,0,0
10581.64,Vijayawada,5,0,1,1
8131.62,Guntur,3,1,0,0
9149.76,Guntur,9,0,1,0
14603.57,Chennai,1,1,0,0
36306.9,Vijayawada,7,1,1,1
33597.65,Guntur,3,0,1,0
45015.92,Mumbai,5,1,1,1
30855.49,Mumbai,4,0,1,0
47937.08,Chennai,2,0,1,0
39304.44,Mumbai,10,1,1,1
6801.86,Delhi,5,1,1,1
18001.21,Vijayawada,4,1,0,0
32313.03,Chennai,1,1,0,0
13235.41,Hyderabad,10,0,0,0
42494.4,Chennai,10,0,1,1
45324.55,Vijayawada,8,1,1,1
18354.35,Delhi,3,1,0,0
25106.05,Hyderabad,1,1,1,1
33167.66,Delhi,9,0,0,0
8045.2,Mumbai,9,0,1,0
2116.95,Bangalore,7,0,0,0
18534.82,Pune,0,0,1,0
23536.74,Mumbai,7,0,0,0
5250.93,Vijayawada,8,1,1,1
18895.31,Bangalore,6,1,0,1
18878.81,Mumbai,3,1,1,1
24394.39,Delhi,7,0,0,0
8363.73,Vijayawada,1,1,0,0
9426.59,Pune,5,0,0,0
40577.51,Delhi,1,1,1,1
10614.13,Chennai,2,1,0,0
2252.9,Hyderabad,9,0,0,0
44550.8,Bangalore,2,0,0,0
46130.1,Bangalore,8,1,0,1
47367.97,Delhi,3,1,1,1
8611.28,Bangalore,6,0,0,0
8469.31,Guntur,10,1,1,1
11567.71,Hyderabad,6,0,0,0
10197.19,Guntur,8,1,0,1
8953.37,Guntur,9,0,0,0
24163.82,Pune,2,0,1,0
18581.83,Delhi,0,1,0,0
39498.82,Pune,6,1,0,1
6780.77,Bangalore,7,0,0,0
29954.79,Chennai,8,1,1,1
372.93,Pune,0,0,0,0
32761.85,Guntur,5,1,1,1
7823.45,Pune,10,1,1,1
28277.04,Chennai,9,1,1,1
20720.09,Mumbai,8,1,0,1
27998.78,Mumbai,7,1,1,1
38732.3,Chennai,6,0,0,0
22385.08,Pune,2,0,0,0
39325.45,Pune,8,0,0,0
48232.06,Delhi,0,0,0,0
46300.5,Bangalore,6,0,0,0
11166.34,Pune,1,0,1,0
30736.88,Vijayawada,8,1,0,1
32050.54,Bangalore,7,0,0,0
9817.85,Hyderabad,9,0,0,0
18051.03,Guntur,10,0,0,0
49841.18,Pune,6,1,1,1
29345.4,Guntur,8,0,0,0
27524.67,Bangalore,8,1,1,1
11392.15,Hyderabad,3,1,1,1
13129.26,Bangalore,6,0,0,0
17064.3,Delhi,1,1,1,1
48306.17,Mumbai,9,1,0,1
48065.81,Delhi,7,1,0,1
5901.79,Chennai,1,1,0,0
40028.05,Bangalore,6,1,0,1
12488.05,Guntur,1,1,1,1
27772.12,Mumbai,2,1,1,1
11006.45,Chennai,9,1,0,1
25000.07,Bangalore,3,0,0,0
10418.25,Vijayawada,3,0,1,0
38969.03,Hyderabad,1,0,1,0
38235.79,Mumbai,8,0,1,1
31071.31,Vijayawada,7,1,1,1
49221.29,Chennai,8,1,1,1
37533.45,Delhi,2,0,1,0
46988.76,Vijayawada,0,1,1,1
22914.08,Hyderabad,1,1,1,1
689.82,Mumbai,3,1,0,0
18143.96,Chennai,4,0,1,0
13543.47,Vijayawada,9,1,1,1
24988.62,Mumbai,3,1,1,1
42730.87,Vijayawada,4,1,0,0
48965.7,Bangalore,10,0,0,0
40223.97,Chennai,8,1,1,1
7377.6,Vijayawada,2,1,0,0
21133.88,Bangalore,2,1,1,1
12623.6,Guntur,9,0,1,1
34558.1,Delhi,0,0,1,0
41964.69,Bangalore,1,1,1,1
18112.0,Hyderabad,8,1,1,1
20646.87,Bangalore,5,0,0,0
17819.94,Guntur,10,1,1,1
19115.44,Vijayawada,4,1,0,0
32064.97,Guntur,5,1,1,1
4047.69,Mumbai,5,0,1,0
32685.35,Delhi,4,1,1,1
39070.6,Vijayawada,5,1,1,1
9275.92,Bangalore,0,0,0,0
47027.82,Pune,1,0,0,0
5240.16,Hyderabad,1,1,0,0
38569.59,Bangalore,8,0,0,0
30943.3,Chennai,1,1,1,1
12445.09,Vijayawada,4,1,0,0
26384.44,Mumbai,2,0,0,0
43032.4,Bangalore,5,1,1,1
27472.41,Pune,2,0,1,0
26220.64,Delhi,10,1,1,1
27029.44,Mumbai,1,1,1,1
20668.97,Hyderabad,2,1,0,0
26213.48,Delhi,2,1,1,1
26801.43,Hyderabad,7,1,1,1
38316.87,Mumbai,4,0,0,0
9509.69,Chennai,8,1,1,1
8247.15,Chennai,10,1,1,1
13222.72,Bangalore,6,0,1,1
32458.01,Chennai,8,1,1,1
42688.75,Guntur,2,0,1,0
31880.95,Delhi,9,1,1,1
9470.69,Hyderabad,0,0,0,0
9378.29,Vijayawada,1,1,1,0
35788.28,Vijayawada,0,0,0,0
834.77,Bangalore,3,1,1,0
39307.69,Hyderabad,7,1,1,1
16579.41,Pune,2,0,1,0
3662.1,Bangalore,7,0,0,0
40880.81,Pune,0,0,0,0
38584.14,Chennai,7,0,0,0
23095.65,Pune,1,0,1,0
34103.97,Hyderabad,4,1,0,0
37261.76,Delhi,8,0,1,1
31962.15,Chennai,3,1,0,0
48666.38,Hyderabad,3,1,1,1
8451.28,Chennai,4,0,1,0
545.6,Mumbai,0,1,0,0
38562.77,Guntur,3,0,1,0
34328.64,Mumbai,5,0,0,0
32264.29,Delhi,8,0,0,0
11710.46,Chennai,8,1,1,1
1165.51,Bangalore,6,1,0,0
44943.29,Delhi,7,1,1,1
9569.81,Delhi,2,1,1,0
13838.69,Vijayawada,9,0,0,0
22524.27,Hyderabad,4,1,1,1
38818.3,Hyderabad,8,1,0,1
31024.76,Guntur,5,0,1,1
32948.64,Delhi,8,1,0,1
38310.13,Pune,2,1,1,1
32081.11,Hyderabad,1,0,0,0
41776.15,Chennai,2,0,0,0
5442.05,Pune,3,0,0,0
32930.27,Mumbai,8,1,0,1
11114.07,Delhi,1,0,0,0
46427.35,Mumbai,1,1,0,0
27945.19,Bangalore,6,1,0,1
26498.14,Chennai,1,1,0,0
48033.28,Pune,1,0,0,0
9554.07,Pune,8,0,0,0
37330.81,Pune,10,1,1,1
44152.92,Mumbai,2,0,1,0
32910.84,Mumbai,8,1,1,1
27549.06,Pune,5,1,1,1
41325.13,Pune,5,0,0,0
38308.84,Delhi,4,1,1,1
47995.24,Hyderabad,0,0,1,0
25928.71,Chennai,4,0,1,0
10819.66,Vijayawada,5,0,1,1
4804.93,Vijayawada,7,1,0,0
13322.91,Bangalore,9,0,0,0
40572.6,Guntur,1,1,0,0
36206.67,Guntur,7,0,1,1
29802.04,Guntur,4,0,1,0
39028.08,Pune,5,1,1,1
46519.28,Pune,1,0,0,0
2800.98,Vijayawada,8,0,1,0
16408.9,Pune,3,0,0,0
48554.91,Pune,9,0,0,0
14560.17,Mumbai,6,0,0,0
4219.0,Bangalore,9,0,1,0
4345.44,Vijayawada,8,1,0,0
24098.03,Chennai,3,1,1,1
28102.26,Guntur,8,0,0,0
13386.23,Guntur,6,1,0,1
33620.2,Chennai,6,1,1,1
16104.84,Vijayawada,9,0,1,1
49383.83,Delhi,9,1,0,1
2339.39,Vijayawada,3,0,1,0
37910.92,Chennai,1,0,0,0
47452.15,Mumbai,2,1,0,0
34720.38,Delhi,1,1,1,1
1235.13,Bangalore,3,0,0,0
27485.12,Pune,9,0,0,0
29191.95,Vijayawada,10,0,1,1
3099.49,Delhi,3,1,0,0
32772.42,Bangalore,0,0,1,0
33182.78,Hyderabad,10,1,0,1
14695.53,Pune,10,1,0,1
25476.16,Guntur,1,1,1,1
9402.23,Hyderabad,8,1,0,0
12444.87,Delhi,8,1,1,1
19730.65,Mumbai,2,0,1,0
17833.37,Hyderabad,4,0,1,0
31327.04,Chennai,6,0,1,1
7670.24,Pune,6,0,0,0
26083.82,Chennai,10,0,1,1
28687.64,Delhi,6,1,1,1
27157.46,Vijayawada,3,0,0,0
15519.02,Vijayawada,8,0,1,1
32845.96,Guntur,9,0,1,1
27911.28,Vijayawada,1,0,1,0
36381.27,Bangalore,5,1,1,1
22205.92,Chennai,10,1,0,1
5427.89,Chennai,2,0,1,0
29858.4,Guntur,3,0,1,0
34438.25,Mumbai,7,0,1,1
9280.43,Vijayawada,6,1,1,1
8272.94,Hyderabad,3,0,1,0
46279.21,Chennai,6,0,0,0
3400.2,Delhi,7,1,1,1
44390.59,Pune,6,1,0,1
36038.03,Delhi,6,0,0,0
22899.33,Hyderabad,0,0,1,0
27929.28,Bangalore,8,0,0,0
22033.74,Vijayawada,4,1,1,1
21180.86,Delhi,9,0,0,0
41511.69,Vijayawada,7,0,0,0
38958.68,Pune,8,0,1,1
16240.7,Chennai,0,0,1,0
44139.17,Vijayawada,1,1,1,1
35946.9,Delhi,1,0,0,0
31740.21,Pune,1,1,0,0
27562.26,Vijayawada,0,0,1,0
8189.99,Pune,2,0,0,0
15472.3,Guntur,7,1,0,1
44937.24,Hyderabad,3,0,1,0
22986.27,Chennai,7,0,1,1
10922.0,Pune,10,1,1,1
22149.58,Bangalore,9,0,0,0
31026.33,Vijayawada,8,0,0,0
7497.98,Vijayawada,10,1,0,0
42706.08,Guntur,10,1,1,1
2546.67,Bangalore,6,0,0,0
30593.38,Mumbai,9,0,1,1
46580.84,Mumbai,1,1,1,1
44886.74,Bangalore,1,1,0,0
23593.76,Pune,1,1,1,1
26279.85,Guntur,3,0,0,0
24234.78,Mumbai,9,1,1,1
13057.04,Delhi,9,1,0,1
26033.32,Vijayawada,10,1,1,1
44194.82,Hyderabad,3,1,0,0
5998.54,Pune,7,0,0,0
20760.65,Hyderabad,5,1,0,1
32066.85,Bangalore,4,1,0,0
15084.17,Guntur,8,1,0,1
34323.21,Vijayawada,5,1,0,1
9781.38,Hyderabad,5,1,1,1
32318.05,Mumbai,7,0,1,1
23177.26,Mumbai,6,0,1,1
27803.34,Mumbai,0,0,1,0
3404.03,Mumbai,2,1,0,0
49182.58,Vijayawada,10,0,1,1
29800.07,Bangalore,4,1,0,0
20752.09,Delhi,7,0,1,1
41489.93,Vijayawada,4,0,1,0
5700.34,Delhi,0,0,0,0
25349.14,Mumbai,7,0,0,0
46189.47,Vijayawada,8,1,1,1
38497.12,Hyderabad,1,0,0,0
23022.48,Bangalore,8,0,0,0
46623.63,Delhi,10,0,1,1
44470.38,Bangalore,1,1,0,0
31978.66,Chennai,3,1,0,0
14399.71,Guntur,8,1,1,1
13705.44,Hyderabad,2,1,0,0
47919.07,Mumbai,8,0,0,0
27513.35,Chennai,4,0,1,0
8646.62,Hyderabad,4,1,1,0
6590.69,Pune,7,0,0,0
2784.61,Delhi,6,1,0,0
30854.14,Guntur,4,1,0,0
48686.73,Delhi,7,0,0,0
4953.42,Chennai,4,1,1,0
47377.67,Pune,2,1,1,1
9249.32,Delhi,10,1,1,1
24426.59,Mumbai,1,1,0,0
23984.74,Vijayawada,2,1,1,1
25446.69,Guntur,6,0,1,1
39642.3,Pune,8,1,1,1
12004.91,Pune,3,0,1,0
3396.39,Mumbai,3,1,1,0
27271.89,Delhi,3,0,0,0
5804.71,Guntur,9,1,1,1
41118.95,Guntur,2,1,1,1
29953.13,Delhi,10,1,1,1
32284.96,Vijayawada,0,0,0,0
44374.35,Vijayawada,10,0,0,0
22703.42,Chennai,4,1,1,1
10362.52,Pune,5,1,1,1
35917.78,Pune,5,0,0,0
42397.07,Hyderabad,4,0,1,0
142.08,Bangalore,8,1,0,0
43297.41,Mumbai,3,1,1,1
35617.51,Chennai,6,1,1,1
33158.13,Pune,7,0,0,0
42182.05,Bangalore,5,1,0,1
49873.06,Hyderabad,10,0,0,0
3680.13,Pune,0,0,1,0
48751.25,Pune,2,0,0,0
43021.62,Delhi,9,1,0,1
25519.8,Mumbai,8,1,1,1
11364.47,Chennai,6,0,1,1
35635.29,Hyderabad,4,1,1,1
48913.85,Guntur,9,1,1,1
29055.41,Delhi,1,0,1,0
25895.78,Delhi,8,0,0,0
31570.08,Hyderabad,10,0,1,1
45188.91,Delhi,8,0,1,1
25681.89,Mumbai,7,1,1,1
48033.01,Hyderabad,4,1,0,0
34783.05,Hyderabad,9,1,1,1
31502.07,Bangalore,9,0,0,0
40463.9,Delhi,9,0,1,1
4217.26,Bangalore,8,0,1,0
6713.68,Hyderabad,4,1,1,0
37097.32,Delhi,9,0,0,0
18551.36,Delhi,2,1,0,0
9122.38,Guntur,8,0,1,0
48370.55,Pune,9,0,1,1
38541.35,Chennai,3,1,0,0
28930.09,Guntur,5,0,1,1
2720.91,Bangalore,7,1,1,1
23865.69,Pune,8,0,1,1
23782.02,Bangalore,2,1,0,0
46368.4,Hyderabad,7,1,1,1
4958.48,Bangalore,8,1,1,1
16814.87,Pune,4,0,1,0
23109.32,Mumbai,10,0,0,0
33918.14,Hyderabad,2,1,0,0
41601.31,Guntur,0,1,0,0
34306.43,Bangalore,5,0,1,1
9734.67,Chennai,0,0,0,0
47529.4,Guntur,10,0,0,0
42836.4,Guntur,2,1,0,0
34813.12,Guntur,4,1,1,1
31975.15,Bangalore,4,1,1,1
8182.1,Pune,1,1,0,0
19490.66,Vijayawada,0,1,1,1
22084.68,Vijayawada,7,0,1,1
32309.61,Chennai,1,0,1,0
30736.92,Guntur,1,1,1,1
1839.56,Hyderabad,1,1,1,0
44835.97,Pune,2,0,0,0
13395.18,Delhi,5,1,0,1
23959.16,Hyderabad,6,0,0,0
19282.75,Mumbai,7,0,1,1
34123.6,Mumbai,6,0,0,0
26777.85,Bangalore,5,0,1,1
32424.85,Chennai,2,0,1,0
15013.63,Delhi,6,0,1,1
4334.64,Vijayawada,10,1,0,0
1881.34,Pune,0,0,1,0
3243.33,Delhi,8,1,1,1
48332.05,Hyderabad,0,0,1,0
16952.16,Chennai,0,1,0,0
40374.47,Chennai,10,1,0,1
46248.31,Hyderabad,0,0,1,0
23613.86,Vijayawada,9,0,0,0
816.82,Guntur,10,0,1,0
22863.61,Guntur,2,0,0,0
24907.46,Chennai,9,0,0,0
21367.95,Guntur,10,1,1,1
48795.08,Chennai,9,0,1,1
38234.97,Guntur,9,0,1,1
6125.2,Mumbai,2,1,0,0
27715.05,Vijayawada,7,0,0,0
5088.4,Hyderabad,10,1,0,0
43993.38,Vijayawada,1,0,0,0
46314.23,Delhi,10,1,1,1
34648.68,Delhi,3,0,1,0
20660.36,Delhi,2,0,0,0
30641.29,Pune,1,1,1,1
328.05,Guntur,3,0,0,0
30984.15,Chennai,8,0,1,1
13893.69,Delhi,3,0,0,0
24925.99,Mumbai,2,0,0,0
14324.72,Delhi,6,1,1,1
2261.54,Hyderabad,0,0,0,0
24304.56,Delhi,1,0,0,0
29676.06,Mumbai,5,1,0,1
11580.16,Guntur,1,1,0,0
11932.21,Chennai,6,0,1,1
3769.13,Pune,9,1,0,0
7332.57,Pune,9,1,0,0
18736.91,Bangalore,7,0,1,1
10190.32,Bangalore,2,0,0,0
6911.42,Vijayawada,7,1,1,1
38040.95,Vijayawada,3,1,0,0
28948.26,Pune,8,0,0,0
42862.99,Delhi,7,0,1,1
14030.63,Mumbai,6,0,0,0
21769.01,Pune,3,0,0,0
49011.18,Pune,0,1,0,0
26602.97,Delhi,7,0,1,1
12101.52,Chennai,8,0,1,1
6722.33,Hyderabad,4,0,0,0
24041.17,Hyderabad,4,0,1,0
48823.4,Vijayawada,7,0,1,1
39513.95,Guntur,5,1,0,1
19305.48,Pune,5,0,1,1
37669.11,Mumbai,9,0,0,0
36814.46,Guntur,0,1,0,0
19209.45,Mumbai,7,0,1,1
8845.84,Vijayawada,8,0,0,0
49064.46,Chennai,3,0,1,0
37683.36,Bangalore,3,1,1,1
25227.94,Guntur,6,1,0,1
18703.41,Delhi,7,1,0,1
35520.28,Mumbai,10,1,1,1
40015.2,Guntur,1,0,1,0
4100.5,Guntur,2,1,0,0
8321.83,Vijayawada,1,0,1,0
43762.16,Pune,8,0,1,1
48481.77,Mumbai,8,0,1,1
21064.49,Chennai,10,0,1,1
3241.18,Mumbai,3,1,1,0
32822.45,Delhi,5,1,1,1
15273.71,Bangalore,2,1,0,0
11416.42,Vijayawada,5,1,0,1
17720.73,Bangalore,7,0,0,0
9195.8,Chennai,2,0,0,0
5934.18,Bangalore,5,0,1,0
18546.64,Mumbai,3,0,1,0
7482.42,Guntur,7,0,1,0
46029.66,Delhi,6,1,0,1
46397.78,Bangalore,2,0,1,0
23748.14,Mumbai,4,0,1,0
34488.43,Guntur,7,0,0,0
15473.3,Mumbai,6,0,1,1
4714.81,Bangalore,0,0,0,0
9866.21,Pune,1,1,0,0
9803.06,Pune,5,0,1,0
7482.5,Mumbai,6,1,1,1
708.32,Delhi,5,1,1,1
43727.66,Pune,1,0,1,0
40203.91,Pune,4,0,1,0
7064.43,Chennai,9,0,0,0
15231.23,Pune,8,1,0,1
4513.57,Vijayawada,6,1,1,1
27835.11,Vijayawada,9,0,0,0
41630.96,Bangalore,4,1,0,0
41745.8,Chennai,4,1,1,1
1439.32,Bangalore,0,0,1,0
47805.73,Bangalore,10,1,0,1
20916.12,Guntur,7,0,0,0
38259.45,Delhi,7,0,1,1
28322.17,Mumbai,4,1,0,0
25675.04,Vijayawada,9,0,1,1
29124.56,Vijayawada,2,1,1,1
17933.53,Pune,0,1,1,1
31848.73,Bangalore,5,0,1,1
26527.66,Guntur,1,0,0,0
29978.25,Bangalore,2,1,1,1
13645.8,Vijayawada,5,0,1,1
743.59,Delhi,8,1,1,1
20658.53,Vijayawada,2,0,0,0
25218.81,Delhi,3,0,1,0
45809.95,Delhi,1,0,0,0
17475.67,Mumbai,5,0,1,1
8693.14,Chennai,4,0,0,0
6522.85,Vijayawada,2,0,1,0
10571.07,Guntur,1,1,0,0
1038.44,Chennai,7,1,0,0
5480.09,Guntur,10,0,1,0
45435.61,Hyderabad,0,0,1,0
37752.06,Vijayawada,1,0,0,0
33562.97,Bangalore,0,0,0,0
47444.7,Chennai,5,1,0,1
25294.97,Chennai,1,0,0,0
35819.0,Guntur,4,0,0,0
46219.18,Vijayawada,8,1,1,1
22039.32,Pune,1,0,1,0
21262.18,Guntur,8,0,1,1
38094.33,Guntur,5,0,1,1
26034.41,Hyderabad,7,1,1,1
4204.17,Bangalore,7,0,1,0
22901.59,Pune,4,1,0,0
14600.41,Delhi,6,0,0,0
46960.19,Delhi,5,0,0,0
33637.56,Guntur,6,1,0,1
7254.04,Guntur,6,0,0,0
18249.13,Pune,3,1,0,0
6225.83,Bangalore,6,1,1,1
37839.52,Delhi,10,1,1,1
33367.18,Vijayawada,6,1,1,1
38423.18,Delhi,1,0,1,0
24913.96,Guntur,10,0,0,0
36916.14,Vijayawada,1,1,0,0
19193.39,Bangalore,10,1,0,1
31136.14,Delhi,1,0,1,0
10176.39,Bangalore,10,1,1,1
27167.66,Pune,8,0,0,0
44018.27,Mumbai,1,1,1,1
42658.43,Hyderabad,7,1,0,1
8925.77,Delhi,10,1,0,0
21590.99,Guntur,4,1,1,1
28485.88,Vijayawada,7,1,1,1
25383.58,Pune,6,1,1,1
30885.29,Hyderabad,5,1,1,1
1504.53,Mumbai,0,0,1,0
40496.72,Pune,9,0,1,1
4957.77,Mumbai,5,1,1,1
2916.82,Bangalore,3,0,0,0
29667.33,Mumbai,1,1,0,0
8571.98,Delhi,8,1,0,0
32922.61,Hyderabad,6,1,1,1
34828.33,Pune,9,0,1,1
28560.64,Guntur,5,0,1,1
34574.11,Mumbai,3,1,1,1
8414.7,Chennai,4,1,1,0
24897.89,Bangalore,1,0,1,0
2471.81,Guntur,9,1,0,0
35913.57,Bangalore,9,0,1,1
3456.76,Chennai,8,1,1,1
17431.09,Pune,1,1,1,1
33206.49,Pune,5,0,1,1
12638.11,Hyderabad,8,1,0,1
31429.41,Chennai,8,0,1,1
33074.23,Hyderabad,7,1,1,1
26161.25,Chennai,5,1,0,1
7608.59,Pune,10,1,1,1
16000.79,Bangalore,1,0,1,0
41203.16,Chennai,10,0,1,1
20352.71,Hyderabad,1,0,0,0
12354.77,Pune,4,1,1,1
21158.75,Bangalore,0,0,0,0
6907.89,Hyderabad,4,1,0,0
48192.97,Guntur,7,0,0,0
15763.85,Mumbai,4,0,1,0
33616.44,Chennai,1,1,0,0
5685.42,Delhi,8,0,1,0
44239.79,Mumbai,3,0,1,0
41633.47,Chennai,6,0,1,1
7299.47,Delhi,2,0,1,0
20477.94,Mumbai,9,0,1,1
35010.92,Delhi,1,1,1,1
34168.65,Delhi,4,0,1,0
35811.99,Hyderabad,4,0,0,0
34565.05,Pune,10,0,1,1
15532.5,Delhi,5,0,0,0
19484.7,Guntur,6,1,1,1
46822.49,Vijayawada,3,1,0,0
45802.95,Hyderabad,10,1,1,1
13774.42,Pune,1,1,1,1
46332.21,Vijayawada,5,1,0,1
34954.26,Pune,8,0,1,1
30145.59,Hyderabad,8,1,1,1
38122.57,Vijayawada,10,0,1,1
253.48,Guntur,3,1,1,0
5630.33,Mumbai,3,0,1,0
22629.35,Mumbai,2,1,0,0
39996.48,Mumbai,3,0,1,0
9176.27,Hyderabad,6,0,0,0
46163.31,Delhi,10,0,0,0
9993.48,Pune,2,0,1,0
30059.6,Vijayawada,2,0,1,0
47367.45,Delhi,1,0,1,0
41380.15,Chennai,7,0,0,0
9608.15,Pune,4,1,1,0
6596.95,Chennai,3,0,1,0
20974.72,Bangalore,6,0,0,0
48808.8,Mumbai,3,1,0,0
29186.86,Hyderabad,10,1,0,1
23497.19,Pune,5,1,0,1
35451.81,Guntur,9,1,0,1
27894.3,Delhi,0,1,0,0
45420.5,Bangalore,9,0,0,0
25276.65,Mumbai,6,1,1,1
6698.69,Bangalore,8,0,0,0
8576.34,Vijayawada,7,1,1,1
4573.43,Bangalore,8,1,0,0
5930.42,Bangalore,0,0,1,0
37416.39,Bangalore,6,1,1,1
25896.94,Delhi,6,0,1,1
38207.4,Chennai,2,1,0,0
7516.18,Delhi,3,0,0,0
13085.18,Delhi,7,1,0,1
2135.51,Delhi,5,1,1,1
5713.3,Guntur,2,0,1,0
10266.31,Bangalore,4,0,0,0
28206.04,Vijayawada,10,0,0,0
20879.31,Guntur,1,0,1,0
44379.65,Pune,0,1,0,0
18740.56,Hyderabad,1,1,0,0
4145.06,Bangalore,10,1,1,1
29750.79,Delhi,0,1,0,0
16313.28,Hyderabad,9,0,0,0
40097.74,Guntur,4,1,0,0
27403.1,Pune,9,1,0,1
12832.68,Hyderabad,3,1,0,0
42632.06,Bangalore,2,1,1,1
32393.68,Bangalore,10,0,0,0
24593.17,Mumbai,6,1,0,1
33309.46,Delhi,5,0,1,1
44282.11,Guntur,7,1,1,1
37848.88,Pune,5,0,1,1
4738.08,Chennai,8,1,1,1
32415.77,Bangalore,2,1,0,0
23464.14,Vijayawada,1,1,1,1
49210.89,Pune,10,1,0,1
14844.53,Guntur,0,0,0,0
25581.51,Bangalore,6,0,1,1
17837.34,Guntur,9,0,0,0
37051.76,Pune,7,0,0,0
2358.41,Delhi,6,1,1,1
37891.98,Vijayawada,7,1,1,1
10632.31,Pune,1,1,0,0
26765.36,Hyderabad,0,1,0,0
8669.59,Delhi,7,1,1,1
15209.72,Bangalore,9,1,1,1
4472.99,Guntur,2,0,0,0
40816.81,Delhi,3,0,0,0
32466.3,Chennai,10,0,1,1
4396.07,Pune,7,0,1,0
1188.66,Delhi,2,0,1,0
23627.31,Bangalore,7,0,0,0
28514.58,Hyderabad,6,0,1,1
5222.91,Bangalore,6,1,1,1
1947.16,Chennai,6,1,1,1
35743.09,Mumbai,8,0,1,1
27707.46,Guntur,4,1,1,1
24789.96,Pune,10,1,1,1
1138.27,Mumbai,4,0,1,0
21961.72,Delhi,8,0,1,1
6644.81,Mumbai,4,1,1,0
39819.04,Guntur,2,0,1,0
33386.12,Vijayawada,2,0,0,0
30326.88,Bangalore,1,1,1,1
11812.47,Mumbai,8,0,0,0
44057.21,Hyderabad,5,0,0,0
40360.1,Chennai,5,1,0,1
6122.33,Mumbai,3,1,1,0
39265.8,Guntur,0,1,0,0
35349.61,Guntur,7,1,0,1
39104.45,Guntur,9,0,0,0
8435.61,Vijayawada,1,0,1,0
36444.63,Vijayawada,7,1,0,1
32389.94,Chennai,5,0,0,0
22011.51,Delhi,6,0,0,0
17131.87,Bangalore,8,0,0,0
18684.57,Vijayawada,6,1,0,1
37684.99,Vijayawada,8,1,0,1
40108.26,Mumbai,6,1,1,1
47192.64,Guntur,7,0,0,0
4330.43,Pune,5,1,0,0
3167.27,Bangalore,0,0,0,0
21023.33,Mumbai,10,1,1,1
494.32,Delhi,4,0,1,0
32229.58,Pune,8,1,1,1
38792.48,Mumbai,4,0,0,0
19560.68,Guntur,2,1,0,0
25632.41,Hyderabad,4,1,0,0
1491.77,Bangalore,8,1,0,0
36352.81,Mumbai,8,0,0,0
13061.85,Hyderabad,8,1,0,1
37852.34,Hyderabad,1,1,1,1
22712.04,Bangalore,3,0,1,0
14298.32,Chennai,9,0,1,1
5350.82,Delhi,8,0,1,0
4989.59,Guntur,6,1,0,0
3203.46,Delhi,2,1,0,0
3995.83,Bangalore,10,1,1,1
29256.76,Delhi,10,1,1,1
36612.68,Vijayawada,6,0,0,0
24289.74,Chennai,7,0,0,0
22826.08,Guntur,0,0,1,0
30119.85,Mumbai,6,0,0,0
28631.06,Mumbai,0,0,0,0
15315.74,Delhi,5,1,1,1
1496.09,Hyderabad,2,0,1,0
46847.35,Vijayawada,4,1,0,0
40974.34,Mumbai,7,0,0,0
3471.47,Bangalore,0,1,1,0
28331.62,Vijayawada,5,1,1,1
38121.37,Delhi,8,1,1,1
7534.23,Pune,5,0,1,0
11717.83,Delhi,6,1,0,1
36822.05,Hyderabad,10,0,0,0
28642.54,Chennai,4,0,0,0
47762.9,Delhi,8,0,0,0
25181.68,Hyderabad,0,0,0,0
13820.63,Guntur,3,0,1,0
40365.36,Hyderabad,9,1,1,1
24624.5,Vijayawada,0,1,1,1
20805.33,Bangalore,8,1,1,1
4642.15,Vijayawada,1,0,1,0
9215.18,Pune,1,0,1,0
33962.57,Hyderabad,0,1,0,0
35693.7,Mumbai,4,1,0,0
7208.78,Guntur,5,1,1,1
2688.72,Pune,3,0,1,0
47472.92,Delhi,4,0,1,0
27700.74,Pune,1,1,0,0
31713.71,Chennai,0,1,0,0
38172.62,Pune,10,0,1,1
22354.51,Mumbai,10,0,0,0
27067.94,Delhi,2,0,1,0
2185.42,Hyderabad,7,1,0,0
3102.73,Pune,7,1,1,1
49962.17,Hyderabad,10,0,1,1
8154.67,Guntur,8,0,1,0
19825.71,Pune,1,0,1,0
10621.42,Bangalore,8,1,1,1
48984.05,Mumbai,7,1,0,1
17147.33,Vijayawada,7,1,0,1
32357.52,Hyderabad,0,1,0,0
33668.05,Guntur,6,1,1,1
39386.53,Delhi,10,0,0,0
33645.07,Pune,5,1,1,1
8941.61,Mumbai,0,0,1,0
46818.77,Hyderabad,7,0,0,0
37945.21,Guntur,10,1,0,1
40832.41,Chennai,10,1,0,1
49007.94,Delhi,5,0,1,1
45234.93,Chennai,9,0,0,0
49214.75,Bangalore,10,1,0,1
28498.2,Vijayawada,7,0,0,0
3361.5,Bangalore,2,0,0,0
46684.81,Hyderabad,3,1,0,0
49598.37,Hyderabad,10,1,1,1
46900.73,Pune,10,0,1,1
42232.64,Delhi,6,1,0,1
24829.18,Hyderabad,8,0,0,0
13968.86,Hyderabad,6,1,1,1
19653.76,Chennai,5,0,0,0
48906.97,Chennai,6,0,0,0
8307.63,Hyderabad,4,0,0,0
24050.32,Chennai,0,1,1,1
5481.25,Mumbai,3,1,0,0
26031.78,Guntur,3,0,1,0
31304.9,Hyderabad,9,0,0,0
45844.05,Vijayawada,6,1,0,1
3193.91,Pune,7,0,1,0
3382.93,Bangalore,10,0,0,0
42511.47,Chennai,6,0,1,1
43242.68,Pune,10,0,1,1
23264.03,Hyderabad,6,0,1,1
22758.43,Guntur,5,0,0,0
713.2,Bangalore,1,0,0,0
17834.02,Chennai,7,1,0,1
6969.87,Bangalore,0,0,0,0
29267.66,Vijayawada,8,1,1,1
7455.71,Mumbai,4,1,1,0
48516.53,Chennai,8,0,0,0
25404.68,Mumbai,8,0,1,1
9850.82,Mumbai,3,0,0,0
9548.84,Mumbai,7,1,1,1
30843.55,Guntur,6,1,0,1
22769.67,Hyderabad,0,1,0,0
31974.48,Chennai,3,1,0,0
24089.24,Pune,5,1,0,1
9293.8,Guntur,0,1,0,0
17958.54,Bangalore,8,0,0,0
22076.37,Hyderabad,10,1,0,1
10036.23,Bangalore,4,0,0,0
35969.95,Chennai,5,0,0,0
1172.45,Vijayawada,4,0,0,0
19008.25,Bangalore,1,1,0,0
22864.56,Pune,5,1,0,1
43931.55,Vijayawada,1,0,0,0
39765.42,Mumbai,3,1,1,1
30017.5,Chennai,10,0,0,0
42736.33,Chennai,4,0,1,0
2757.62,Chennai,4,0,1,0
36392.2,Pune,7,0,0,0
37590.27,Delhi,10,1,1,1
9032.03,Delhi,5,1,1,1
13489.94,Chennai,6,0,0,0
44754.74,Chennai,7,0,1,1
15369.35,Bangalore,6,0,1,1
27572.54,Delhi,2,0,1,0
25989.15,Mumbai,3,0,1,0
21362.51,Mumbai,7,1,1,1
40244.77,Hyderabad,5,1,1,1
9060.33,Mumbai,3,1,0,0
45083.64,Chennai,4,0,1,0
5010.61,Chennai,1,1,0,0
16754.52,Bangalore,10,1,1,1
37286.05,Vijayawada,10,1,0,1
49920.41,Bangalore,8,1,0,1
14164.08,Hyderabad,5,1,1,1
23653.0,Chennai,8,0,1,1
11423.62,Delhi,3,1,0,0
36153.27,Mumbai,7,1,0,1
42305.5,Delhi,6,1,0,1
22553.6,Vijayawada,8,0,1,1
28917.67,Delhi,2,1,0,0
40539.03,Pune,5,1,0,1
21343.4,Hyderabad,6,1,1,1
28422.11,Mumbai,0,0,0,0
28452.73,Chennai,9,1,1,1
47439.76,Delhi,1,1,0,0
5521.05,Guntur,9,1,1,1
8654.04,Delhi,10,0,0,0
1439.24,Bangalore,3,0,1,0
10374.03,Hyderabad,4,0,1,0
18495.75,Pune,0,0,1,0
19616.15,Delhi,1,0,1,0
37182.82,Chennai,6,0,0,0
15556.88,Bangalore,10,1,0,1
29415.85,Chennai,8,1,1,1
471.42,Pune,2,1,0,0
30281.95,Delhi,3,1,1,1
23188.5,Delhi,0,0,1,0
17404.41,Pune,4,1,0,0
12531.83,Pune,9,1,1,1
45550.57,Hyderabad,2,0,1,0
12060.79,Guntur,2,1,1,1
34932.4,Guntur,3,1,1,1
49766.29,Pune,1,0,1,0
22601.71,Delhi,4,0,0,0
1433.22,Mumbai,10,1,1,1
37323.28,Hyderabad,3,1,0,0
12605.23,Delhi,2,1,1,1
23121.71,Vijayawada,1,0,1,0
23592.31,Hyderabad,4,0,0,0
30388.73,Pune,2,1,0,0
8505.82,Vijayawada,10,0,1,0
22088.83,Chennai,2,0,0,0
22158.7,Bangalore,0,0,1,0
22254.94,Pune,9,0,0,0
38379.0,Chennai,3,1,0,0
4660.18,Mumbai,6,0,0,0
41044.27,Guntur,10,0,0,0
39866.52,Hyderabad,10,0,0,0
20842.43,Chennai,1,1,1,1
31271.2,Guntur,8,1,1,1
11697.17,Vijayawada,1,1,1,1
848.23,Pune,10,1,0,0
10717.12,Mumbai,3,0,1,0
2292.55,Delhi,3,1,1,0
49156.81,Guntur,1,0,1,0
30033.37,Mumbai,10,1,0,1
8849.02,Mumbai,5,1,0,0
980.68,Chennai,9,1,1,1
25220.66,Guntur,0,0,0,0
15511.55,Hyderabad,6,0,0,0
6964.02,Vijayawada,7,1,0,0
18849.82,Delhi,10,0,0,0
36988.86,Mumbai,5,0,1,1
32215.74,Hyderabad,0,1,1,1
11527.6,Chennai,5,1,0,1
27011.66,Pune,10,0,0,0
26121.45,Guntur,2,1,0,0
43506.35,Vijayawada,1,0,0,0
46919.9,Chennai,2,0,0,0
11891.88,Bangalore,1,1,1,1
8291.52,Vijayawada,3,0,1,0
30331.98,Chennai,4,1,1,1
13665.85,Pune,7,0,1,1
18948.1,Pune,7,1,1,1
38040.19,Pune,7,0,1,1
42716.71,Bangalore,4,0,0,0
19084.47,Pune,4,1,1,1
28150.89,Vijayawada,7,0,1,1
35771.68,Hyderabad,3,0,0,0
740.43,Pune,8,1,1,1
46291.98,Delhi,6,1,1,1
15459.76,Hyderabad,9,0,1,1
49624.38,Chennai,1,1,0,0
38171.25,Mumbai,4,1,1,1
34853.13,Chennai,10,1,1,1
12193.41,Vijayawada,0,1,0,0
13140.4,Chennai,7,0,1,1
30147.25,Guntur,10,0,0,0
38571.51,Guntur,10,1,1,1
25975.0,Pune,3,1,0,0
12718.27,Pune,4,1,1,1
37647.87,Vijayawada,1,0,1,0
13524.16,Hyderabad,3,1,1,1
49352.57,Guntur,7,0,0,0
38709.81,Pune,6,1,1,1
8614.65,Chennai,5,0,0,0
24374.92,Chennai,8,0,1,1
9363.34,Bangalore,0,0,0,0
49149.06,Vijayawada,6,1,0,1
4082.51,Bangalore,1,1,0,0
3306.7,Delhi,0,0,1,0
33672.95,Bangalore,1,0,0,0
37614.75,Chennai,0,0,0,0
26164.49,Delhi,0,1,1,1
23714.27,Mumbai,5,1,1,1
34124.81,Mumbai,5,1,0,1
33287.41,Mumbai,6,0,1,1
40332.88,Vijayawada,0,1,1,1
1381.45,Mumbai,1,1,0,0
22650.71,Chennai,10,1,1,1
256.14,Mumbai,10,1,0,0
43684.38,Delhi,5,1,0,1
20068.24,Pune,9,0,1,1
46960.33,Bangalore,7,0,1,1
30397.97,Delhi,2,0,0,0
39861.36,Delhi,4,1,0,0
47757.06,Chennai,7,0,0,0
8604.61,Pune,10,0,0,0
49668.74,Pune,0,0,1,0
38338.81,Guntur,3,1,1,1
33307.27,Mumbai,8,1,0,1
43609.84,Pune,9,0,1,1
45517.34,Chennai,6,1,0,1
13028.79,Guntur,4,0,0,0
17077.87,Mumbai,9,0,0,0
6458.13,Bangalore,5,1,0,0
3188.06,Pune,8,0,1,0
16050.19,Guntur,5,0,0,0
19826.09,Vijayawada,8,1,1,1
40825.78,Delhi,4,0,1,0
7456.53,Mumbai,4,0,0,0
15513.68,Chennai,1,1,1,1
24801.77,Vijayawada,6,0,1,1
41411.45,Vijayawada,3,0,0,0
42853.26,Hyderabad,6,1,0,1
27442.35,Mumbai,5,1,1,1
37909.94,Bangalore,6,0,1,1
34849.18,Vijayawada,3,1,0,0
16238.59,Delhi,9,0,1,1
32766.24,Delhi,9,0,1,1
14624.97,Chennai,2,0,0,0
36792.41,Vijayawada,0,1,0,0
18890.13,Guntur,6,0,0,0
17843.63,Guntur,7,0,0,0
49015.81,Vijayawada,10,1,1,1
31385.93,Guntur,6,0,0,0
12118.69,Pune,7,1,0,1
38814.91,Pune,10,0,1,1
13833.28,Hyderabad,10,1,1,1
6088.02,Chennai,1,0,1,0
1249.04,Guntur,9,1,1,1
39737.75,Pune,2,1,1,1
14988.33,Guntur,2,0,1,0
35717.03,Hyderabad,8,0,1,1
19750.45,Guntur,8,1,0,1
37700.06,Vijayawada,3,0,0,0
365.67,Hyderabad,7,1,0,0
6527.92,Bangalore,3,0,0,0
42587.36,Bangalore,0,0,0,0
18241.63,Hyderabad,8,0,1,1
12492.02,Vijayawada,0,1,1,1
28895.87,Guntur,5,1,0,1
33164.59,Chennai,0,0,0,0
7169.2,Mumbai,3,0,0,0
13942.05,Bangalore,9,1,0,1
13107.65,Delhi,10,0,1,1
4254.38,Chennai,4,1,0,0
3620.85,Vijayawada,4,0,1,0
21042.35,Pune,2,1,1,1
1392.9,Bangalore,9,0,0,0
6318.6,Mumbai,1,1,0,0
32044.86,Vijayawada,5,1,1,1
43455.88,Guntur,3,1,0,0
18920.08,Guntur,3,1,0,0
8869.0,Mumbai,4,1,0,0
35052.73,Hyderabad,4,1,0,0
8620.3,Pune,6,0,1,0
23895.41,Vijayawada,2,1,0,0
32912.39,Hyderabad,2,1,1,1
45930.24,Pune,10,1,0,1
35368.66,Delhi,2,1,1,1
25161.24,Bangalore,4,1,0,0
31818.2,Mumbai,1,1,1,1
42277.76,Chennai,10,0,0,0
47248.86,Bangalore,2,0,0,0
27752.57,Vijayawada,7,0,1,1
24034.83,Hyderabad,8,0,1,1
30852.7,Chennai,0,1,1,1
49711.68,Vijayawada,10,0,1,1
33758.66,Guntur,8,0,0,0
18415.84,Pune,2,1,0,0
24825.84,Mumbai,2,1,0,0
45710.85,Bangalore,3,0,1,0
24207.92,Pune,4,0,0,0
10951.41,Delhi,4,0,1,0
2969.09,Bangalore,0,1,1,0
17759.25,Pune,0,1,0,0
17791.16,Chennai,1,1,1,1
4328.71,Guntur,8,0,1,0
45664.14,Chennai,0,0,1,0
23587.86,Pune,5,1,1,1
44620.45,Delhi,8,1,0,1
32848.35,Mumbai,7,0,0,0
37379.85,Guntur,0,1,0,0
9559.4,Pune,0,0,1,0
37221.81,Delhi,0,0,0,0
47988.97,Delhi,4,0,1,0
27551.17,Pune,10,0,1,1
25142.74,Guntur,6,0,0,0
39656.38,Hyderabad,2,0,1,0
38392.51,Pune,3,0,1,0
48824.28,Bangalore,0,1,1,1
14182.95,Vijayawada,1,1,0,0
36489.5,Guntur,2,0,1,0
43221.92,Delhi,3,1,0,0
35352.4,Vijayawada,1,0,0,0
11546.27,Bangalore,2,1,0,0
49520.9,Chennai,2,1,0,0
4637.68,Bangalore,0,1,1,0
35037.93,Pune,3,0,1,0
24011.84,Bangalore,8,1,0,1
5591.74,Pune,5,1,1,1
12423.73,Hyderabad,0,0,0,0
2701.32,Delhi,5,0,1,0
14079.95,Vijayawada,9,0,1,1
12687.93,Bangalore,7,1,1,1
5665.28,Mumbai,10,0,0,0
18092.38,Bangalore,5,1,0,1
10580.66,Vijayawada,6,0,0,0
31514.98,Chennai,9,0,0,0
9727.08,Mumbai,7,0,0,0
15143.67,Hyderabad,7,0,0,0
6478.81,Mumbai,6,1,1,1
22479.26,Delhi,1,1,0,0
21008.31,Bangalore,8,0,0,0
34865.64,Hyderabad,2,1,0,0
39740.08,Guntur,3,1,1,1
8359.36,Pune,8,1,1,1
30400.2,Vijayawada,3,0,0,0
28637.71,Bangalore,9,0,1,1
15240.17,Guntur,3,1,1,1
8638.34,Hyderabad,0,0,1,0
32016.81,Hyderabad,4,0,1,0
32156.41,Hyderabad,3,0,0,0
32467.41,Guntur,10,1,1,1
47326.75,Pune,8,1,0,1
44926.95,Hyderabad,4,1,0,0
41214.2,Bangalore,3,1,0,0
48583.07,Bangalore,8,0,1,1
43514.29,Chennai,10,0,1,1
16280.73,Delhi,3,1,0,0
11662.98,Delhi,6,1,0,1
4775.18,Vijayawada,2,1,0,0
9524.11,Hyderabad,7,0,1,0
15577.0,Guntur,2,1,0,0
7261.77,Pune,6,0,1,0
5101.67,Guntur,8,0,0,0
18955.97,Hyderabad,0,0,0,0
6695.73,Hyderabad,1,1,0,0
39640.78,Guntur,0,0,1,0
10195.85,Bangalore,7,1,0,1
16654.64,Bangalore,2,0,0,0
31411.54,Guntur,1,0,0,0
27277.64,Hyderabad,1,1,0,0
45617.13,Pune,0,0,1,0
7454.09,Pune,10,1,0,0
34369.64,Guntur,1,1,0,0
11303.67,Mumbai,4,1,0,0
6005.71,Vijayawada,1,0,0,0
21488.56,Vijayawada,5,0,1,1
44666.57,Mumbai,10,1,1,1
43782.57,Bangalore,4,1,1,1
40554.9,Vijayawada,1,0,0,0
16080.77,Guntur,6,1,1,1
5746.89,Guntur,6,1,0,0
16220.37,Mumbai,2,0,1,0
16033.86,Mumbai,6,1,1,1
6997.24,Pune,10,0,1,0
27512.03,Pune,8,1,0,1
4272.52,Chennai,6,0,0,0
18149.3,Delhi,3,0,1,0
47885.03,Mumbai,1,0,1,0
42452.7,Vijayawada,2,1,1,1
41779.09,Chennai,8,1,0,1
41408.31,Vijayawada,0,0,0,0
18935.29,Hyderabad,0,1,1,1
35099.95,Vijayawada,10,0,1,1
1606.27,Chennai,5,0,0,0
3945.56,Vijayawada,9,1,0,0
23541.26,Pune,2,1,1,1
36155.62,Guntur,7,0,1,1
7878.78,Vijayawada,10,0,0,0
642.29,Bangalore,6,1,1,1
35496.71,Guntur,6,0,1,1
26122.9,Hyderabad,2,0,1,0
11023.43,Delhi,2,0,1,0
15728.16,Vijayawada,10,1,1,1
2828.12,Bangalore,5,1,0,0
5509.2,Hyderabad,1,1,1,0
12052.54,Chennai,2,0,0,0
29895.83,Hyderabad,4,0,0,0
12092.72,Hyderabad,1,0,1,0
2497.64,Mumbai,1,1,0,0
37608.8,Pune,6,0,1,1
36311.84,Pune,2,0,1,0
44835.91,Hyderabad,8,0,0,0
29400.06,Bangalore,6,1,0,1
8145.03,Guntur,10,1,0,0
47645.63,Vijayawada,3,0,0,0
49671.49,Vijayawada,8,1,1,1
17017.13,Pune,5,1,0,1
12031.62,Delhi,9,0,0,0
4960.56,Guntur,0,0,1,0
24995.72,Bangalore,7,1,0,1
8157.48,Guntur,4,1,1,0
3649.58,Bangalore,7,1,1,1
38181.0,Delhi,7,0,0,0
2075.67,Vijayawada,4,1,1,0
22097.3,Guntur,8,1,1,1
34141.82,Hyderabad,8,1,1,1
31068.62,Hyderabad,10,0,0,0
7812.66,Vijayawada,1,1,1,0
28549.67,Delhi,1,0,1,0
33490.61,Delhi,5,1,1,1
5545.04,Pune,2,0,1,0
10053.6,Mumbai,5,0,1,1
49822.27,Guntur,7,0,1,1
13990.92,Vijayawada,0,0,1,0
32046.8,Hyderabad,5,0,1,1
46829.34,Chennai,5,1,1,1
2798.47,Bangalore,0,1,1,0
31820.8,Bangalore,1,0,0,0
20312.92,Chennai,4,1,1,1
33515.26,Guntur,4,0,0,0
44758.33,Vijayawada,6,1,1,1
10010.4,Vijayawada,6,1,1,1
48282.93,Hyderabad,6,1,1,1
28089.33,Vijayawada,9,0,0,0
16254.26,Delhi,5,0,0,0
46697.59,Pune,7,1,0,1
13213.85,Delhi,0,1,0,0
31981.93,Chennai,9,0,0,0
37310.81,Pune,3,1,0,0
10885.25,Mumbai,3,0,0,0
40707.59,Guntur,0,1,1,1
34995.93,Pune,10,1,1,1
17651.28,Guntur,8,1,1,1
46324.81,Vijayawada,7,1,1,1
27682.4,Bangalore,2,1,1,1
42270.07,Guntur,10,1,1,1
49768.62,Pune,1,0,0,0
5273.4,Hyderabad,9,0,1,0
33418.74,Delhi,6,0,0,0
27624.24,Guntur,1,0,1,0
17595.62,Hyderabad,7,1,1,1
46986.88,Bangalore,3,1,1,1
15439.09,Pune,6,0,0,0
1730.46,Mumbai,0,0,1,0
16820.99,Pune,9,1,0,1
9713.75,Pune,10,1,0,0
6530.64,Pune,10,1,0,0
45218.15,Chennai,8,0,1,1
5068.94,Bangalore,2,0,1,0
41883.16,Guntur,2,1,0,0
4753.94,Hyderabad,6,0,0,0
30943.17,Hyderabad,8,0,1,1
37142.75,Vijayawada,2,1,1,1
12062.12,Chennai,3,1,0,0
36343.0,Bangalore,6,1,0,1
4239.87,Guntur,2,0,0,0
23010.47,Vijayawada,9,0,0,0
14194.91,Delhi,2,0,0,0
42246.72,Delhi,3,1,0,0
39792.53,Guntur,6,0,1,1
10593.77,Delhi,6,1,1,1
40446.6,Vijayawada,2,1,0,0
33017.35,Mumbai,10,0,0,0
49687.6,Bangalore,7,0,0,0
46336.5,Vijayawada,3,0,0,0
10893.7,Hyderabad,5,0,0,0
16444.23,Bangalore,3,0,0,0
13755.96,Bangalore,3,0,1,0
23405.48,Chennai,7,1,1,1
12579.65,Guntur,3,1,1,1
29224.05,Chennai,9,1,0,1
47692.73,Pune,7,1,1,1
29856.86,Pune,4,1,0,0
21522.72,Guntur,9,1,1,1
22525.23,Bangalore,0,1,1,1
30233.72,Hyderabad,10,1,1,1
5821.03,Mumbai,5,1,0,0
12341.38,Vijayawada,3,1,1,1
38997.78,Hyderabad,1,0,1,0
35868.45,Chennai,3,1,1,1
28125.87,Chennai,6,1,0,1
5235.72,Pune,4,0,1,0
15957.39,Hyderabad,5,0,0,0
40155.99,Pune,7,0,1,1
6051.03,Pune,7,0,1,0
11897.45,Hyderabad,0,1,0,0
45590.99,Hyderabad,4,0,1,0
44801.89,Hyderabad,8,0,1,1
3565.76,Bangalore,1,1,1,0
15927.76,Mumbai,5,1,0,1
24741.55,Delhi,0,1,1,1
24717.5,Guntur,10,0,1,1
1561.48,Guntur,0,0,0,0
49677.66,Guntur,6,0,0,0
9638.87,Bangalore,5,0,0,0
44177.64,Bangalore,0,0,0,0
3844.6,Vijayawada,5,1,1,1
46250.43,Vijayawada,9,1,0,1
16034.7,Guntur,2,1,1,1
26136.01,Bangalore,3,1,1,1
16163.38,Bangalore,7,0,0,0
38333.48,Chennai,1,1,0,0
34778.76,Chennai,1,1,0,0
755.09,Chennai,3,1,1,0
24433.51,Bangalore,5,0,1,1
35454.77,Vijayawada,10,0,0,0
11017.36,Chennai,5,1,1,1
39023.05,Pune,3,0,1,0
8293.4,Delhi,4,0,0,0
43822.19,Delhi,1,0,0,0
9432.79,Mumbai,0,1,1,0
13352.38,Pune,8,0,1,1
10682.09,Hyderabad,6,1,1,1
22122.9,Pune,5,0,0,0
36626.88,Chennai,6,0,1,1
20194.34,Pune,9,1,1,1
5548.31,Chennai,0,0,0,0
5847.88,Guntur,0,1,0,0
26653.37,Pune,4,0,1,0
19704.98,Chennai,3,1,1,1
8634.35,Bangalore,3,1,1,0
36720.73,Bangalore,1,0,1,0
42642.94,Guntur,3,0,1,0
8415.61,Hyderabad,5,1,0,0
33334.97,Vijayawada,6,1,0,1
48721.11,Mumbai,1,0,0,0
48480.12,Chennai,9,0,1,1
23681.16,Chennai,0,0,1,0
26310.93,Guntur,2,0,0,0
15299.65,Mumbai,5,1,1,1
49490.68,Mumbai,4,1,1,1
22991.66,Delhi,5,1,1,1
5726.78,Pune,10,0,0,0
42827.65,Delhi,10,0,1,1
1642.14,Chennai,9,1,1,1
37243.82,Bangalore,3,1,0,0
43869.49,Bangalore,10,1,0,1
45525.33,Pune,5,1,1,1
47268.8,Hyderabad,4,1,0,0
29017.89,Delhi,5,0,1,1
28376.46,Hyderabad,5,1,0,1
24996.46,Vijayawada,10,0,1,1
26206.99,Delhi,4,0,1,0
14484.17,Hyderabad,4,0,1,0
10944.53,Delhi,9,0,0,0
15360.49,Hyderabad,6,1,0,1
12646.53,Guntur,5,1,0,1
35688.54,Guntur,2,0,1,0
14611.02,Chennai,0,1,1,1
40604.28,Pune,10,1,1,1
48348.65,Bangalore,1,1,1,1
8747.77,Chennai,6,1,0,0
12576.02,Bangalore,6,0,1,1
4371.34,Pune,9,1,0,0
39142.05,Delhi,6,0,0,0
34737.26,Mumbai,8,1,1,1
21440.69,Hyderabad,6,1,1,1
45636.66,Vijayawada,0,1,0,0
30798.91,Vijayawada,4,0,1,0
31082.4,Pune,9,1,0,1
6384.2,Delhi,10,0,1,0
41975.98,Guntur,1,0,1,0
16740.82,Mumbai,1,1,1,1
43229.27,Vijayawada,1,0,0,0
28146.26,Vijayawada,7,0,0,0
15114.52,Chennai,4,0,1,0
5823.97,Guntur,0,0,0,0
12435.58,Delhi,1,1,0,0
19596.62,Delhi,1,1,1,1
49136.54,Guntur,3,1,1,1
21674.45,Vijayawada,10,0,0,0
40945.65,Chennai,10,0,0,0
23860.3,Delhi,4,1,0,0
18430.24,Guntur,4,1,1,1
23251.79,Bangalore,6,0,0,0
22908.41,Bangalore,9,1,0,1
1800.77,Mumbai,10,1,0,0
48143.55,Hyderabad,7,1,1,1
49089.51,Pune,5,0,1,1
25700.95,Mumbai,2,0,1,0
23028.14,Pune,2,1,1,1
3503.68,Delhi,10,1,1,1
30331.51,Mumbai,2,1,0,0
29483.72,Guntur,9,1,1,1
2341.96,Guntur,2,0,0,0
25021.75,Chennai,10,1,1,1
49068.29,Pune,3,0,0,0
37815.11,Bangalore,6,0,0,0
5812.24,Hyderabad,1,1,1,0
46185.19,Pune,5,0,1,1
6747.51,Bangalore,10,0,0,0
24606.04,Chennai,10,1,0,1
37133.48,Hyderabad,6,0,0,0
31492.87,Hyderabad,10,0,0,0
40519.44,Guntur,0,1,1,1
17101.49,Chennai,10,1,0,1
28561.47,Vijayawada,7,1,1,1
40099.63,Guntur,7,1,1,1
28500.71,Guntur,2,1,0,0
24985.74,Chennai,0,1,0,0
41084.26,Mumbai,4,1,1,1
3490.85,Chennai,2,1,0,0
42674.44,Hyderabad,9,1,1,1
27342.49,Hyderabad,1,1,1,1
1710.51,Mumbai,6,1,0,0
44412.6,Mumbai,0,0,0,0
46216.3,Delhi,10,0,0,0
3738.3,Guntur,9,0,1,0
47500.4,Vijayawada,9,0,1,1
13598.37,Delhi,0,0,0,0
25429.45,Delhi,10,1,1,1
15240.58,Hyderabad,3,0,0,0
38703.3,Delhi,3,1,0,0
2701.81,Pune,6,0,1,0
27522.29,Mumbai,1,1,0,0
17654.28,Chennai,5,1,0,1
11678.47,Pune,9,0,0,0
37399.04,Chennai,8,0,0,0
40649.83,Delhi,1,0,0,0
9111.61,Chennai,0,1,1,0
49904.63,Guntur,2,1,1,1
32863.86,Delhi,1,1,0,0
35292.23,Bangalore,5,0,1,1
47077.21,Bangalore,8,1,0,1
16011.06,Mumbai,8,0,0,0
45031.23,Guntur,9,1,1,1
10257.39,Chennai,2,0,1,0
6225.13,Delhi,2,0,0,0
32530.41,Delhi,7,0,0,0
41832.63,Bangalore,4,1,1,1
41376.22,Pune,1,0,1,0
24818.34,Hyderabad,6,1,1,1
11299.98,Hyderabad,6,0,1,1
33054.08,Mumbai,0,1,0,0
46142.66,Mumbai,4,0,0,0
36316.74,Hyderabad,9,1,1,1
40389.1,Delhi,8,1,1,1
21249.37,Pune,9,1,0,1
23419.89,Bangalore,3,0,0,0
39999.49,Bangalore,4,0,0,0
16942.86,Mumbai,6,0,1,1
13510.49,Bangalore,4,0,0,0
28465.21,Delhi,5,1,0,1
23189.94,Hyderabad,7,0,1,1
48297.69,Hyderabad,7,0,1,1
29020.56,Guntur,1,1,1,1
22077.93,Delhi,4,1,1,1
6448.4,Hyderabad,10,0,0,0
11710.36,Delhi,10,0,0,0
29036.55,Bangalore,0,0,0,0
48766.59,Chennai,0,1,0,0
17551.51,Guntur,1,1,0,0
11925.24,Guntur,5,1,1,1
32130.16,Mumbai,4,0,0,0
30387.64,Mumbai,5,1,1,1
23587.18,Mumbai,4,0,0,0
2326.07,Chennai,2,0,0,0
40420.91,Pune,8,1,0,1
41553.27,Guntur,0,0,1,0
47763.45,Hyderabad,3,1,0,0
30394.39,Bangalore,10,1,1,1
9831.68,Mumbai,9,1,0,0
12229.36,Mumbai,5,0,1,1
37434.6,Pune,1,0,1,0
18157.87,Delhi,5,0,1,1
30300.41,Vijayawada,7,1,0,1
46293.28,Bangalore,3,1,0,0
39813.21,Guntur,5,1,0,1
20484.29,Chennai,8,0,1,1
45003.64,Guntur,7,0,0,0
20989.42,Vijayawada,8,1,0,1
43485.99,Guntur,6,0,0,0
6705.65,Mumbai,8,1,1,1
6459.9,Guntur,8,0,1,0
16906.73,Guntur,5,0,0,0
36963.55,Delhi,5,1,1,1
37060.8,Vijayawada,6,1,1,1
36698.81,Hyderabad,9,0,0,0
29718.31,Mumbai,5,1,1,1
21985.49,Chennai,8,1,0,1
14937.69,Bangalore,5,0,1,1
16207.72,Hyderabad,5,0,0,0
40717.96,Mumbai,3,1,1,1
5063.38,Bangalore,4,0,0,0
13765.04,Bangalore,7,0,0,0
46966.32,Bangalore,4,0,0,0
7136.06,Hyderabad,3,0,0,0
47996.85,Delhi,8,0,0,0
41641.97,Bangalore,0,1,0,0
47096.12,Vijayawada,9,1,1,1
41568.79,Delhi,4,0,0,0
44455.1,Vijayawada,7,1,0,1
49654.55,Guntur,10,0,1,1
37239.45,Vijayawada,3,0,1,0
25402.3,Mumbai,4,1,0,0
44624.4,Mumbai,0,1,0,0
9600.89,Chennai,8,0,0,0
6930.05,Bangalore,6,0,0,0
23558.76,Bangalore,7,0,1,1
6676.42,Hyderabad,10,0,0,0
21772.51,Hyderabad,7,0,0,0
20966.15,Mumbai,4,1,0,0
24263.23,Chennai,10,0,1,1
43764.45,Pune,10,1,1,1
29932.32,Guntur,8,1,1,1
11024.63,Mumbai,4,1,1,1
12445.07,Delhi,6,0,0,0
47820.14,Pune,10,0,1,1
35270.46,Chennai,7,1,1,1
1545.23,Hyderabad,4,0,1,0
28156.64,Pune,5,1,1,1
19629.78,Bangalore,7,1,1,1
45627.2,Mumbai,4,1,0,0
31849.68,Pune,0,1,1,1
11143.37,Mumbai,2,0,0,0
6547.85,Pune,8,0,0,0
4603.61,Hyderabad,5,1,0,0
25980.59,Pune,5,0,0,0
43000.17,Mumbai,3,1,0,0
16641.96,Hyderabad,3,0,0,0
42289.55,Delhi,8,0,1,1
2210.03,Chennai,4,1,0,0
31614.62,Guntur,3,0,1,0
40668.49,Bangalore,6,1,0,1
43112.99,Hyderabad,1,0,1,0
835.62,Pune,8,0,0,0
9794.78,Pune,9,1,1,1
25666.55,Delhi,0,1,1,1
10213.07,Bangalore,4,1,1,1
21533.78,Delhi,3,1,1,1
14292.71,Hyderabad,8,0,1,1
49658.38,Delhi,6,1,0,1
11280.64,Delhi,0,1,0,0
18554.1,Mumbai,9,0,1,1
7274.19,Vijayawada,10,0,0,0
10463.32,Vijayawada,7,0,0,0
20219.43,Delhi,7,0,0,0
12675.99,Hyderabad,4,1,0,0
16140.0,Bangalore,9,1,0,1
34550.83,Mumbai,8,1,1,1
47977.82,Delhi,3,1,1,1
25770.11,Guntur,1,0,1,0
18846.73,Vijayawada,0,0,0,0
9948.64,Delhi,1,0,1,0
8619.03,Pune,8,1,0,0
20030.34,Bangalore,4,0,1,0
36025.16,Mumbai,10,1,1,1
28234.14,Chennai,2,0,1,0
40160.41,Delhi,5,1,1,1
10609.79,Delhi,5,0,0,0
590.08,Delhi,6,0,0,0
3445.7,Chennai,0,1,0,0
34732.85,Guntur,8,1,1,1
3149.28,Mumbai,7,0,0,0
31853.54,Chennai,3,1,0,0
13801.57,Pune,6,1,1,1
46721.97,Vijayawada,8,0,0,0
5238.52,Bangalore,3,1,0,0
28226.62,Bangalore,2,1,1,1
48336.28,Vijayawada,9,1,0,1
233.27,Vijayawada,3,0,0,0
7252.33,Guntur,7,0,1,0
44808.07,Pune,0,0,1,0
33275.63,Chennai,5,1,0,1
28051.24,Mumbai,6,1,1,1
15656.92,Chennai,8,1,0,1
47772.47,Pune,10,1,0,1
28068.24,Pune,7,1,0,1
32639.4,Delhi,2,0,1,0
38560.16,Chennai,5,1,0,1
19184.63,Delhi,2,0,0,0
18113.47,Mumbai,3,0,1,0
4796.01,Bangalore,5,1,0,0
1773.06,Hyderabad,4,1,1,0
49787.32,Hyderabad,4,1,0,0
43172.95,Vijayawada,7,1,1,1
23725.08,Mumbai,10,0,0,0
1538.96,Guntur,2,0,0,0
21036.67,Hyderabad,1,0,1,0
15780.4,Hyderabad,8,1,0,1
16699.98,Mumbai,10,1,0,1
25865.39,Hyderabad,10,1,1,1
3341.25,Guntur,8,0,1,0
8712.0,Pune,0,1,0,0
8731.11,Mumbai,0,1,1,0
5973.96,Guntur,7,0,1,0
5901.46,Vijayawada,1,0,0,0
15943.31,Hyderabad,10,0,0,0
10954.54,Chennai,5,1,0,1
15458.34,Bangalore,10,0,0,0
2761.43,Vijayawada,4,0,1,0
28295.49,Bangalore,6,0,0,0
44190.07,Delhi,2,1,1,1
13300.8,Mumbai,7,1,1,1
38641.29,Hyderabad,8,1,0,1
47488.29,Chennai,9,1,0,1
49688.41,Chennai,6,1,1,1
17174.84,Chennai,8,1,0,1
12984.87,Guntur,7,1,0,1
25899.79,Vijayawada,10,0,1,1
23415.62,Hyderabad,5,1,1,1
16186.37,Vijayawada,1,1,0,0
21128.25,Vijayawada,5,1,0,1
45666.13,Vijayawada,4,0,1,0
37627.05,Pune,7,1,1,1
23731.25,Mumbai,3,1,1,1
24179.62,Chennai,6,1,0,1
38182.33,Pune,8,0,1,1
38726.22,Vijayawada,9,1,0,1
25659.0,Vijayawada,4,0,0,0
33203.98,Vijayawada,0,0,1,0
40094.33,Delhi,7,1,0,1
142.08,Bangalore,2,0,0,0
15445.58,Pune,2,0,0,0
4599.33,Hyderabad,3,0,1,0
23919.47,Pune,5,0,1,1
34969.11,Chennai,7,1,1,1
38176.5,Mumbai,1,1,0,0
38175.91,Bangalore,2,1,1,1
41007.57,Mumbai,6,1,0,1
24466.64,Vijayawada,9,0,0,0
38415.41,Hyderabad,5,1,1,1
30567.27,Vijayawada,6,0,0,0
25047.49,Pune,0,0,1,0
4733.23,Vijayawada,6,0,1,0
14319.71,Bangalore,6,1,0,1
47929.79,Pune,6,0,0,0
34148.75,Mumbai,1,1,0,0
34334.67,Vijayawada,1,1,0,0
16019.39,Hyderabad,9,1,1,1
24358.36,Hyderabad,10,1,1,1
15217.43,Mumbai,4,0,1,0
39072.08,Vijayawada,5,1,0,1
49038.65,Vijayawada,8,1,0,1
447.14,Delhi,9,1,0,0
21800.91,Guntur,7,1,0,1
43408.05,Mumbai,7,1,0,1
12691.11,Bangalore,5,1,0,1
9018.54,Delhi,5,1,0,0
16299.16,Mumbai,10,0,0,0
36622.03,Vijayawada,8,1,0,1
4293.94,Delhi,1,0,0,0
21611.92,Chennai,4,1,1,1
45946.88,Guntur,8,1,0,1
16396.77,Pune,0,0,0,0
25680.35,Pune,1,1,1,1
20096.91,Pune,2,1,0,0
48261.49,Chennai,3,1,1,1
34743.43,Chennai,0,1,1,1
38059.88,Bangalore,6,1,0,1
25128.0,Bangalore,0,1,0,0
13706.7,Pune,6,0,0,0
32894.92,Mumbai,4,1,1,1
4947.67,Chennai,3,0,1,0
3279.75,Mumbai,4,1,1,0
27118.75,Mumbai,7,0,1,1
16050.18,Delhi,7,0,1,1
10610.81,Pune,2,1,1,1
1710.1,Mumbai,9,0,1,0
4246.29,Bangalore,8,1,1,1
37567.79,Vijayawada,7,1,0,1
31280.65,Pune,2,1,1,1
49791.71,Chennai,0,1,1,1
18826.69,Guntur,8,0,1,1
4939.29,Bangalore,3,0,0,0
9013.26,Mumbai,2,1,1,0
37588.92,Mumbai,6,1,1,1
31550.76,Chennai,10,1,1,1
42966.92,Delhi,7,1,1,1
7932.69,Hyderabad,2,1,1,0
26680.02,Guntur,5,1,0,1
19229.34,Pune,10,1,1,1
9524.86,Guntur,0,0,0,0
30018.45,Chennai,6,0,1,1
8406.3,Mumbai,10,1,0,0
1233.7,Vijayawada,9,1,0,0
22942.67,Chennai,3,0,1,0
16203.94,Chennai,4,0,0,0
28922.35,Chennai,7,0,1,1
39858.0,Vijayawada,7,0,1,1
12318.69,Pune,1,0,0,0
43366.43,Pune,7,1,0,1
47882.98,Delhi,8,0,0,0
24092.3,Hyderabad,0,1,1,1
18232.33,Guntur,8,1,1,1
5270.79,Mumbai,4,0,0,0
20703.36,Delhi,5,0,0,0
10583.24,Delhi,1,1,0,0
44969.85,Mumbai,7,0,1,1
14835.07,Bangalore,7,1,1,1
28454.74,Vijayawada,9,0,0,0
26136.79,Mumbai,0,0,1,0
35718.78,Delhi,4,0,1,0
35682.63,Vijayawada,10,1,0,1
7411.65,Chennai,4,1,1,0
1497.43,Hyderabad,3,1,0,0
13045.12,Vijayawada,8,1,1,1
48622.93,Mumbai,10,0,1,1
18961.14,Vijayawada,7,0,1,1
24251.52,Mumbai,6,0,0,0
11318.78,Bangalore,3,0,0,0
30471.2,Delhi,1,0,1,0
23020.15,Chennai,10,0,0,0
18241.66,Mumbai,0,1,0,0
25420.08,Delhi,4,0,0,0
28378.44,Vijayawada,3,0,1,0
34515.98,Delhi,10,0,0,0
8953.79,Guntur,9,1,1,1
37181.21,Hyderabad,1,0,1,0
10465.83,Guntur,3,1,1,1
26892.99,Chennai,0,1,0,0
23967.12,Chennai,7,0,1,1
5083.81,Bangalore,9,0,1,0
28509.53,Delhi,9,1,0,1
38892.05,Bangalore,3,1,0,0
37752.56,Vijayawada,9,1,1,1
16499.11,Bangalore,7,1,1,1
43376.32,Bangalore,3,1,1,1
31333.49,Hyderabad,1,0,1,0
16028.46,Vijayawada,8,1,1,1
9021.88,Delhi,6,1,0,0
17187.34,Guntur,10,0,0,0
38166.35,Mumbai,3,1,1,1
38344.38,Chennai,7,0,1,1
28593.32,Chennai,2,1,0,0
38343.23,Mumbai,2,0,0,0
47839.68,Chennai,7,1,1,1
46648.89,Vijayawada,7,1,1,1
15381.0,Bangalore,5,1,1,1
21322.37,Pune,6,1,0,1
2859.84,Delhi,6,1,0,0
38375.73,Bangalore,0,0,0,0
14810.36,Pune,5,0,1,1
39566.91,Delhi,5,0,0,0
42834.53,Vijayawada,1,0,0,0
16341.6,Pune,7,1,0,1
34421.27,Pune,7,0,1,1
3059.91,Mumbai,0,1,1,0
21962.41,Vijayawada,4,0,1,0
44054.4,Vijayawada,1,1,1,1
43710.14,Guntur,9,1,0,1
21969.23,Hyderabad,5,1,1,1
7109.33,Delhi,1,1,1,0
37388.93,Delhi,3,0,1,0
11461.35,Bangalore,5,1,0,1
12842.35,Pune,0,0,0,0
21423.81,Mumbai,7,0,0,0
908.44,Delhi,6,0,1,0
14204.06,Guntur,5,0,0,0
48713.95,Delhi,1,0,0,0
30540.57,Bangalore,3,0,1,0
23339.19,Vijayawada,2,1,0,0
32427.21,Hyderabad,5,1,1,1
20133.16,Hyderabad,4,0,1,0
526.04,Bangalore,5,1,0,0
42793.17,Chennai,9,1,1,1
38519.4,Chennai,9,1,0,1
38672.3,Guntur,3,1,0,0
1408.6,Mumbai,9,0,0,0
47737.56,Chennai,5,1,0,1
10164.9,Chennai,2,1,1,1
46821.48,Vijayawada,3,1,0,0
43894.12,Hyderabad,7,0,1,1
22253.23,Delhi,3,1,0,0
21983.49,Guntur,3,0,1,0
4733.31,Chennai,2,0,0,0
6105.88,Pune,7,1,1,1
9629.96,Bangalore,1,1,1,0
25485.89,Pune,7,0,0,0
40190.24,Mumbai,6,0,1,1
47292.02,Chennai,1,1,1,1
49985.36,Hyderabad,1,1,1,1
47570.33,Vijayawada,4,1,0,0
42386.0,Vijayawada,2,0,0,0
7097.0,Chennai,7,0,0,0
43330.62,Pune,10,1,1,1
41180.21,Vijayawada,6,0,0,0
37124.14,Guntur,10,0,1,1
39349.18,Bangalore,0,1,0,0
20242.35,Hyderabad,5,1,1,1
39185.12,Hyderabad,5,0,1,1
36774.05,Pune,2,1,0,0
38148.86,Guntur,8,0,0,0
845.43,Guntur,3,0,1,0
5709.29,Delhi,7,1,1,1
6806.83,Delhi,9,0,1,0
23527.4,Mumbai,4,0,1,0
47849.58,Delhi,10,0,1,1
37461.07,Chennai,9,0,0,0
25785.23,Guntur,2,0,0,0
35891.68,Chennai,4,0,0,0
12608.47,Delhi,10,1,1,1
33450.98,Mumbai,8,1,0,1
21158.85,Pune,10,0,0,0
31630.82,Vijayawada,3,0,0,0
31768.07,Mumbai,3,0,1,0
684.45,Chennai,7,1,1,1
31472.77,Chennai,9,1,1,1
22714.36,Bangalore,4,1,0,0
32807.48,Vijayawada,8,1,1,1
12838.69,Mumbai,7,1,0,1
38187.14,Pune,4,0,1,0
32150.41,Chennai,8,0,0,0
48756.89,Vijayawada,1,0,1,0
43678.01,Guntur,4,1,1,1
48318.0,Chennai,8,0,1,1
7171.25,Chennai,10,0,0,0
36697.27,Mumbai,5,0,0,0
27018.91,Vijayawada,8,0,1,1
5096.89,Pune,2,0,0,0
42928.93,Bangalore,4,0,1,0
19549.64,Delhi,8,1,1,1
16163.87,Bangalore,4,0,0,0
35446.22,Guntur,10,1,0,1
3055.19,Delhi,6,0,0,0
41139.82,Pune,3,1,0,0
19610.88,Guntur,3,0,1,0
11392.62,Guntur,4,0,1,0
36326.35,Delhi,9,0,0,0
7206.18,Guntur,4,1,0,0
26078.95,Chennai,8,0,1,1
33055.03,Vijayawada,4,0,1,0
3613.1,Pune,5,1,0,0
41915.07,Pune,4,0,1,0
29290.43,Guntur,7,1,0,1
4519.79,Delhi,9,1,0,0
41851.78,Guntur,6,1,0,1
43271.85,Mumbai,4,1,1,1
21040.3,Hyderabad,4,1,0,0
5146.44,Chennai,7,0,1,0
29595.11,Delhi,10,1,0,1
28077.47,Hyderabad,9,1,1,1
30122.95,Guntur,9,0,0,0
48339.81,Pune,3,1,1,1
35942.62,Delhi,0,1,1,1
28709.91,Pune,8,0,1,1
33486.51,Hyderabad,0,0,0,0
31563.01,Pune,5,0,1,1
40114.57,Mumbai,7,1,1,1
17683.68,Hyderabad,3,1,1,1
16293.17,Chennai,10,1,0,1
27968.04,Mumbai,8,1,1,1
39070.31,Mumbai,2,1,0,0
17655.05,Bangalore,8,0,1,1
5154.78,Delhi,1,1,1,0
32009.8,Delhi,6,0,1,1
17594.64,Vijayawada,7,1,0,1
16205.71,Bangalore,1,0,1,0
37862.85,Guntur,8,0,1,1
10011.12,Vijayawada,1,1,1,1
35822.82,Vijayawada,8,1,1,1
46070.79,Mumbai,1,1,0,0
49972.0,Vijayawada,7,0,0,0
33409.31,Chennai,4,0,1,0
41679.07,Delhi,3,0,0,0
32429.96,Bangalore,3,0,0,0
12259.64,Pune,0,1,1,1
27860.49,Vijayawada,9,0,1,1
42410.45,Bangalore,9,1,1,1
35366.62,Mumbai,5,1,1,1
18289.27,Guntur,3,1,1,1
47908.75,Vijayawada,2,1,0,0
4921.41,Guntur,8,1,1,1
40381.95,Chennai,9,0,1,1
23317.79,Delhi,9,0,1,1
24906.93,Hyderabad,6,0,0,0
28041.94,Delhi,8,0,1,1
43392.1,Guntur,2,0,1,0
47741.24,Delhi,4,1,0,0
21598.42,Delhi,2,1,0,0
15560.28,Chennai,10,1,1,1
28535.88,Mumbai,8,1,0,1
43150.43,Guntur,9,0,1,1
38753.58,Vijayawada,1,0,1,0
36654.56,Hyderabad,3,0,0,0
32505.41,Guntur,7,0,1,1
4798.66,Pune,6,1,1,1
34851.11,Guntur,2,1,0,0
15628.65,Delhi,2,1,1,1
4627.65,Chennai,4,1,0,0
17624.91,Delhi,10,0,1,1
37615.59,Hyderabad,8,1,0,1
49102.31,Vijayawada,0,1,0,0
186.27,Mumbai,8,0,0,0
19299.2,Vijayawada,0,1,0,0
9505.26,Chennai,9,1,0,0
48791.14,Vijayawada,1,0,1,0
44582.69,Hyderabad,2,0,1,0
31141.92,Bangalore,8,0,1,1
5477.97,Guntur,10,0,0,0
24932.79,Delhi,9,0,1,1
46437.46,Guntur,8,1,1,1
33468.38,Mumbai,1,1,0,0
7154.93,Hyderabad,7,0,1,0
17980.24,Mumbai,7,0,0,0
45602.16,Bangalore,9,1,0,1
16083.79,Pune,7,0,1,1
20271.48,Hyderabad,6,0,1,1
24612.85,Bangalore,5,1,1,1
24930.97,Chennai,4,0,0,0
47344.31,Hyderabad,4,0,1,0
26761.18,Chennai,0,1,1,1
17653.1,Vijayawada,8,0,1,1
25486.4,Guntur,10,0,0,0
22915.96,Guntur,2,0,1,0
35730.33,Hyderabad,7,0,0,0
46112.11,Hyderabad,3,0,1,0
45229.35,Pune,10,1,0,1
41345.95,Vijayawada,5,1,0,1
7169.3,Bangalore,3,1,1,0
10323.33,Hyderabad,10,1,1,1
20852.78,Chennai,6,1,1,1
40854.56,Pune,7,1,0,1
2185.79,Guntur,7,0,0,0
31916.09,Guntur,1,0,1,0
9249.59,Pune,5,0,1,0
14311.86,Guntur,4,1,1,1
38073.37,Delhi,6,0,0,0
10119.33,Delhi,8,0,1,1
5556.26,Vijayawada,3,0,1,0
4272.04,Mumbai,1,0,1,0
21961.62,Chennai,2,1,0,0
38450.61,Vijayawada,5,0,0,0
17133.24,Delhi,4,0,1,0
10112.4,Pune,10,0,1,1
7739.57,Vijayawada,4,0,0,0
31397.96,Delhi,5,1,0,1
3562.21,Vijayawada,3,1,0,0
27401.46,Guntur,5,0,0,0
20555.22,Mumbai,8,0,0,0
18581.57,Hyderabad,2,0,0,0
19122.55,Guntur,9,0,1,1
42864.45,Hyderabad,10,0,0,0
32478.25,Pune,7,1,1,1
22538.59,Mumbai,3,1,1,1
49008.54,Vijayawada,10,1,1,1
22765.74,Bangalore,5,0,0,0
31890.95,Vijayawada,2,1,1,1
18467.1,Vijayawada,0,1,1,1
2223.49,Vijayawada,6,0,1,0
42022.75,Pune,5,0,1,1
44192.73,Pune,7,1,1,1
23229.51,Vijayawada,5,1,1,1
36193.05,Chennai,3,0,0,0
28462.49,Pune,10,1,1,1
18803.35,Vijayawada,4,0,1,0
23564.6,Pune,8,1,1,1
2639.2,Pune,3,1,0,0
46862.39,Hyderabad,6,0,1,1
34729.08,Vijayawada,6,0,1,1
32097.78,Pune,9,0,0,0
15892.89,Mumbai,3,0,1,0
30556.87,Guntur,9,0,0,0
4378.93,Guntur,0,0,1,0
15733.36,Chennai,5,0,0,0
15447.34,Delhi,1,1,1,1
23806.86,Guntur,2,1,1,1
40136.56,Pune,2,0,0,0
6010.18,Delhi,9,1,0,0
35023.14,Vijayawada,4,0,0,0
45468.32,Pune,1,0,0,0
23693.37,Mumbai,7,0,0,0
46554.01,Hyderabad,9,0,1,1
48517.81,Guntur,10,1,1,1
44335.89,Bangalore,1,0,0,0
33900.92,Mumbai,2,0,0,0
14688.24,Hyderabad,1,1,1,1
31130.92,Mumbai,9,1,0,1
42577.52,Delhi,3,1,0,0
15996.52,Bangalore,2,0,0,0
13229.36,Bangalore,6,1,0,1
37524.88,Mumbai,10,1,0,1
27608.58,Bangalore,2,0,0,0
19095.49,Hyderabad,7,1,1,1
34794.89,Mumbai,4,1,1,1
40176.99,Vijayawada,6,1,1,1
47151.02,Bangalore,4,0,1,0
13406.96,Guntur,7,0,1,1
1248.07,Guntur,2,0,0,0
8937.65,Guntur,1,0,0,0
43198.15,Guntur,0,0,1,0
7896.57,Guntur,10,1,1,1
30667.0,Guntur,0,0,0,0
9360.18,Chennai,1,0,1,0
10589.93,Chennai,1,1,1,1
23854.6,Delhi,3,1,0,0
14474.37,Vijayawada,10,0,1,1
25428.46,Bangalore,1,0,0,0
7280.25,Guntur,8,0,0,0
9491.11,Pune,5,0,0,0
31801.32,Bangalore,9,1,1,1
10991.09,Hyderabad,4,1,0,0
32776.62,Vijayawada,10,1,1,1
3326.2,Hyderabad,1,1,1,0
31030.28,Hyderabad,6,0,1,1
48860.67,Mumbai,10,0,1,1
34933.99,Mumbai,9,0,1,1
22594.27,Bangalore,7,1,1,1
38194.28,Vijayawada,5,0,0,0
2230.7,Delhi,5,1,1,1
16285.95,Delhi,6,1,1,1
7718.97,Vijayawada,6,1,0,0
39434.44,Mumbai,6,0,1,1
796.11,Vijayawada,10,0,0,0
10927.99,Vijayawada,0,1,1,1
13617.42,Pune,3,0,1,0
7999.99,Chennai,8,1,0,0
24378.09,Vijayawada,7,1,1,1
24418.37,Guntur,10,0,1,1
3438.61,Vijayawada,5,1,1,1
11834.11,Delhi,7,0,1,1
747.08,Bangalore,4,0,1,0
34234.47,Bangalore,6,0,0,0
17120.75,Delhi,5,0,1,1
3249.94,Chennai,7,1,1,1
10551.85,Delhi,5,0,1,1
39361.63,Chennai,8,1,1,1
45102.61,Chennai,5,0,0,0
24480.54,Guntur,7,0,1,1
19268.75,Delhi,2,1,0,0
23188.19,Pune,4,0,1,0
38893.92,Hyderabad,4,0,1,0
23739.97,Mumbai,3,0,1,0
41259.36,Mumbai,7,0,1,1
24286.42,Guntur,5,0,0,0
14851.42,Chennai,0,0,1,0
39556.39,Bangalore,6,0,1,1
10291.58,Pune,4,0,0,0
4027.61,Pune,7,0,1,0
27807.69,Guntur,9,1,1,1
46851.46,Delhi,7,1,0,1
14309.66,Hyderabad,9,0,1,1
6283.36,Vijayawada,5,1,1,1
15831.91,Mumbai,6,0,1,1
19837.33,Mumbai,5,0,1,1
28324.28,Vijayawada,9,0,0,0
24884.16,Guntur,1,0,0,0
26186.75,Mumbai,3,0,1,0
16974.09,Delhi,6,1,0,1
20087.94,Vijayawada,0,1,1,1
27450.07,Vijayawada,1,0,1,0
5850.93,Hyderabad,4,0,0,0
32273.45,Chennai,8,0,0,0
23986.79,Vijayawada,0,0,0,0
47725.61,Pune,2,1,1,1
37822.56,Bangalore,10,1,0,1
24662.14,Hyderabad,10,1,0,1
10086.21,Delhi,0,0,0,0
456.9,Pune,1,1,0,0
10717.64,Bangalore,8,0,1,1
27857.51,Chennai,8,1,0,1
37733.16,Mumbai,4,1,0,0
44906.61,Delhi,6,0,1,1
1537.99,Vijayawada,9,1,0,0
5723.41,Chennai,6,0,0,0
38011.99,Mumbai,4,0,1,0
23242.61,Chennai,10,0,1,1
25603.86,Vijayawada,4,0,0,0
43031.86,Mumbai,3,1,1,1
22948.43,Delhi,6,0,1,1
28085.41,Guntur,4,0,0,0
44232.18,Bangalore,0,0,0,0
46514.96,Vijayawada,4,1,1,1
4951.91,Pune,5,0,0,0
37118.14,Pune,5,0,1,1
32715.94,Bangalore,4,0,0,0
7177.72,Hyderabad,7,0,0,0
44026.5,Guntur,7,0,0,0
4396.15,Bangalore,3,1,1,0
1225.69,Vijayawada,9,1,0,0
10852.23,Hyderabad,6,1,0,1
24921.43,Hyderabad,7,1,0,1
28880.36,Bangalore,0,0,1,0
35971.65,Bangalore,3,1,0,0
48163.16,Hyderabad,3,0,1,0
49792.29,Chennai,0,1,1,1
35806.91,Guntur,0,1,1,1
29942.65,Mumbai,7,1,0,1
32964.21,Mumbai,5,0,1,1
20409.38,Delhi,9,1,1,1
49177.29,Pune,4,0,1,0
18080.41,Vijayawada,6,0,1,1
16706.92,Vijayawada,5,1,1,1
44498.07,Vijayawada,5,0,1,1
42569.78,Pune,9,0,0,0
4179.0,Guntur,6,0,0,0
28815.68,Mumbai,4,0,0,0
24510.08,Pune,5,1,1,1
11031.66,Chennai,5,1,0,1
32059.42,Hyderabad,7,0,0,0
44669.86,Vijayawada,8,0,1,1
45800.6,Bangalore,4,0,1,0
41279.07,Hyderabad,8,0,0,0
909.38,Vijayawada,4,0,0,0
41400.06,Bangalore,10,0,0,0
22684.71,Pune,1,1,1,1
627.37,Pune,9,1,1,1
18808.31,Hyderabad,4,1,1,1
33987.96,Mumbai,0,1,1,1
1648.91,Pune,7,1,0,0
34460.7,Hyderabad,9,1,1,1
19060.37,Bangalore,7,0,1,1
27232.37,Delhi,1,0,0,0
19054.57,Hyderabad,5,0,1,1
16211.34,Pune,8,1,0,1
4838.19,Delhi,10,0,0,0
3548.07,Pune,2,1,1,0
40085.25,Guntur,8,0,1,1
34941.01,Bangalore,7,0,1,1
42692.4,Pune,0,1,1,1
5572.76,Delhi,2,0,0,0
24363.75,Pune,0,1,0,0
2289.35,Delhi,2,0,1,0
11513.75,Vijayawada,7,0,0,0
7046.34,Delhi,9,0,1,0
18397.11,Guntur,6,0,1,1
20989.37,Pune,0,1,1,1
3440.23,Delhi,1,1,1,0
20126.22,Hyderabad,3,0,0,0
8183.57,Delhi,9,0,0,0
33027.11,Delhi,8,1,1,1
3434.26,Guntur,10,0,1,0
28027.36,Bangalore,3,0,0,0
6747.42,Hyderabad,6,0,1,0
25558.78,Hyderabad,0,0,1,0
15236.87,Delhi,2,1,0,0
40081.14,Delhi,3,1,1,1
10784.71,Vijayawada,2,1,0,0
33387.41,Delhi,8,0,0,0
25717.89,Pune,1,0,0,0
42004.57,Pune,5,0,1,1
3077.68,Pune,6,0,1,0
1480.5,Delhi,10,1,1,1
30361.18,Pune,3,0,1,0
32337.44,Bangalore,10,0,0,0
24906.96,Pune,1,1,0,0
3410.07,Mumbai,1,0,0,0
13941.73,Bangalore,4,1,1,1
41832.59,Delhi,9,1,1,1
25620.85,Mumbai,6,0,1,1
4640.29,Bangalore,7,1,0,0
31493.16,Mumbai,4,1,0,0
46348.31,Mumbai,5,0,0,0
48619.8,Bangalore,3,1,1,1
13269.12,Bangalore,6,0,0,0
9579.31,Chennai,10,1,1,1
39921.73,Bangalore,9,0,0,0
31965.91,Delhi,3,1,0,0
18812.43,Delhi,6,1,1,1
26916.69,Bangalore,2,1,0,0
6309.02,Guntur,6,1,0,0
9527.51,Bangalore,4,1,1,0
25604.81,Hyderabad,6,0,1,1
49080.72,Delhi,10,1,0,1
21914.89,Vijayawada,5,0,0,0
6233.54,Bangalore,0,0,0,0
5462.34,Guntur,8,1,0,0
46294.82,Hyderabad,10,1,0,1
44576.45,Guntur,9,0,0,0
16946.53,Pune,9,1,1,1
12109.95,Chennai,3,1,1,1
7669.97,Vijayawada,8,1,0,0
40304.94,Vijayawada,6,0,0,0
4649.77,Guntur,9,1,1,1
4874.61,Delhi,6,0,0,0
30519.4,Guntur,2,0,1,0
258.1,Pune,10,1,1,1
22363.64,Pune,3,0,0,0
35650.01,Pune,7,0,1,1
1249.03,Pune,4,0,1,0
39500.43,Hyderabad,8,1,1,1
25001.7,Chennai,9,1,1,1
18710.76,Pune,1,1,0,0
10435.83,Bangalore,5,1,1,1
12513.41,Delhi,4,0,1,0
48036.69,Delhi,10,0,0,0
35682.18,Mumbai,0,1,1,1
19110.45,Pune,7,1,1,1
4564.1,Bangalore,4,1,0,0
18393.08,Vijayawada,4,1,0,0
11034.92,Pune,9,0,0,0
18292.13,Guntur,3,0,0,0
30810.95,Guntur,8,0,1,1
26310.17,Bangalore,4,1,0,0
7167.54,Chennai,6,1,0,0
20532.27,Guntur,2,0,0,0
31085.14,Delhi,9,0,1,1
47106.6,Chennai,2,0,0,0
30171.45,Bangalore,1,0,0,0
40882.76,Mumbai,2,0,1,0
36188.1,Hyderabad,2,0,0,0
16341.35,Hyderabad,2,1,0,0
19750.9,Vijayawada,2,0,1,0
42342.2,Delhi,3,1,1,1
12364.87,Vijayawada,2,0,0,0
32042.79,Vijayawada,0,0,1,0
128.61,Pune,7,1,1,1
44450.76,Bangalore,7,1,1,1
26221.17,Vijayawada,6,0,1,1
40261.45,Bangalore,3,0,1,0
5865.26,Bangalore,6,1,1,1
18743.81,Hyderabad,5,1,0,1
10856.96,Vijayawada,10,0,1,1
32488.66,Vijayawada,4,1,0,0
917.26,Delhi,3,1,1,0
20022.04,Delhi,7,1,0,1
6607.66,Guntur,0,0,0,0
14841.36,Pune,0,1,1,1
44363.62,Mumbai,6,0,1,1
41072.6,Delhi,8,1,0,1
3481.01,Vijayawada,5,0,1,0
651.7,Hyderabad,1,0,1,0
1331.71,Delhi,3,1,0,0
20230.26,Mumbai,9,1,1,1
14317.87,Delhi,0,0,1,0
21727.07,Vijayawada,8,0,0,0
46654.08,Bangalore,6,1,1,1
7283.18,Bangalore,3,0,1,0
19780.53,Hyderabad,0,0,1,0
47682.63,Pune,3,1,0,0
39993.64,Chennai,2,1,1,1
128.29,Bangalore,1,0,0,0
36389.17,Vijayawada,1,0,1,0
46248.61,Delhi,7,0,0,0
40603.32,Bangalore,5,1,1,1
28894.47,Vijayawada,8,1,1,1
33420.82,Chennai,9,1,0,1
40765.1,Mumbai,6,1,1,1
47003.01,Hyderabad,4,1,1,1
47609.81,Vijayawada,4,1,0,0
27795.2,Vijayawada,3,0,1,0
46309.98,Pune,8,1,1,1
21022.65,Chennai,5,1,0,1
8206.03,Hyderabad,7,0,1,0
21837.61,Delhi,6,0,1,1
48920.1,Bangalore,5,1,0,1
11860.55,Pune,7,1,0,1
21562.27,Vijayawada,3,1,0,0
16871.95,Guntur,9,1,1,1
5122.93,Pune,1,0,0,0
24683.16,Hyderabad,1,0,0,0
23613.29,Mumbai,0,0,1,0
33969.11,Vijayawada,5,0,0,0
44654.7,Guntur,5,0,0,0
49410.41,Vijayawada,9,0,0,0
44863.1,Bangalore,7,0,1,1
30810.21,Vijayawada,8,0,1,1
3340.63,Guntur,9,1,0,0
24871.13,Pune,3,1,0,0
42622.61,Delhi,10,0,1,1
18001.72,Pune,8,1,1,1
20956.68,Chennai,3,1,1,1
12110.0,Guntur,2,0,0,0
3031.53,Delhi,1,0,0,0
6392.88,Mumbai,1,1,1,0
29005.59,Guntur,7,1,1,1
46500.68,Delhi,10,1,0,1
32843.47,Chennai,5,0,1,1
17319.77,Pune,0,0,1,0
9409.47,Mumbai,7,1,1,1
22535.65,Vijayawada,5,1,1,1
471.19,Guntur,2,1,1,0
24396.02,Vijayawada,5,0,0,0
12077.17,Chennai,9,1,1,1
36067.14,Mumbai,6,0,0,0
35597.12,Hyderabad,9,1,1,1
5319.4,Vijayawada,8,0,0,0
16692.64,Chennai,10,1,1,1
21803.39,Delhi,0,1,1,1
2321.23,Guntur,5,0,1,0
23778.43,Mumbai,6,1,0,1
41756.63,Bangalore,3,1,1,1
44586.51,Pune,0,0,1,0
13341.76,Chennai,8,0,0,0
47605.23,Hyderabad,7,0,1,1
21557.54,Hyderabad,1,1,1,1
25137.42,Delhi,10,1,0,1
49444.53,Chennai,3,1,0,0
46288.89,Chennai,6,1,0,1
809.15,Chennai,6,0,1,0
47334.27,Bangalore,0,0,0,0
8534.23,Vijayawada,4,1,1,0
45307.13,Guntur,3,0,1,0
38278.13,Guntur,4,1,0,0
49142.4,Guntur,1,0,0,0
38955.38,Delhi,4,0,0,0
16942.74,Delhi,8,1,0,1
33433.12,Guntur,4,0,1,0
17726.68,Hyderabad,6,0,1,1
45554.9,Vijayawada,9,0,0,0
7376.07,Mumbai,2,0,1,0
1586.48,Pune,6,1,0,0
10696.76,Chennai,3,1,0,0
41742.11,Mumbai,7,1,1,1
32162.12,Delhi,3,0,0,0
9485.22,Mumbai,9,1,0,0
32470.97,Delhi,6,0,1,1
4352.74,Delhi,1,0,0,0
24767.84,Hyderabad,8,1,0,1
39328.7,Bangalore,10,1,0,1
26900.37,Guntur,6,1,0,1
2840.16,Pune,4,0,1,0
49964.11,Guntur,4,1,1,1
48758.96,Bangalore,5,0,1,1
36957.56,Bangalore,6,0,0,0
16454.92,Mumbai,1,0,0,0
5757.37,Guntur,4,1,1,0
9212.69,Hyderabad,3,0,0,0
13898.09,Bangalore,8,0,1,1
5111.74,Pune,6,0,1,0
4739.08,Vijayawada,5,1,0,0
3530.5,Delhi,9,0,0,0
2221.99,Bangalore,5,1,0,0
8024.47,Mumbai,8,0,0,0
8502.15,Delhi,10,0,0,0
10999.05,Pune,2,0,0,0
363.8,Delhi,8,1,0,0
27423.43,Pune,0,1,0,0
9704.34,Vijayawada,8,1,1,1
20285.58,Bangalore,9,1,1,1
12526.63,Delhi,1,1,1,1
172.49,Bangalore,1,1,0,0
34595.87,Chennai,9,0,0,0
6709.18,Hyderabad,0,0,0,0
36589.5,Chennai,10,1,0,1
13899.8,Guntur,1,0,0,0
41515.54,Mumbai,0,1,0,0
10396.04,Mumbai,2,0,0,0
16323.07,Delhi,6,1,1,1
33189.67,Pune,10,0,0,0
17723.59,Delhi,10,0,1,1
47462.24,Hyderabad,6,0,1,1
21721.34,Delhi,2,0,0,0
26261.67,Bangalore,3,1,0,0
7120.82,Hyderabad,4,0,1,0
23714.37,Mumbai,8,0,1,1
15229.46,Bangalore,3,1,0,0
41989.45,Delhi,6,1,0,1
11106.23,Delhi,2,0,0,0
19290.62,Bangalore,8,0,0,0
36090.01,Bangalore,8,1,0,1
43113.92,Hyderabad,8,1,1,1
3242.09,Bangalore,1,0,1,0
40504.54,Hyderabad,10,0,1,1
7539.91,Mumbai,0,1,1,0
172.88,Bangalore,3,0,0,0
36071.95,Chennai,6,1,1,1
31479.47,Pune,10,1,0,1
23645.54,Hyderabad,3,0,1,0
42904.04,Mumbai,5,1,0,1
24708.21,Guntur,6,0,0,0
28301.43,Hyderabad,2,0,1,0
10327.47,Delhi,6,0,0,0
35949.71,Mumbai,3,0,0,0
4933.12,Guntur,4,0,1,0
49566.65,Guntur,10,1,0,1
17106.63,Bangalore,3,0,0,0
39575.87,Delhi,8,0,0,0
34480.94,Delhi,8,0,0,0
40871.56,Guntur,3,1,1,1
4526.64,Hyderabad,9,0,1,0
21412.58,Vijayawada,5,1,1,1
1442.28,Chennai,1,0,1,0
8686.2,Vijayawada,2,0,0,0
9873.22,Bangalore,3,0,0,0
23096.67,Vijayawada,10,1,0,1
1671.4,Pune,3,1,1,0
7781.08,Pune,1,0,1,0
480.38,Pune,5,0,0,0
5515.37,Vijayawada,2,0,0,0
20811.14,Bangalore,6,0,0,0
35713.48,Vijayawada,8,1,1,1
41455.9,Pune,9,0,1,1
8689.54,Bangalore,7,1,1,1
30353.44,Bangalore,0,0,1,0
18838.75,Guntur,8,1,0,1
39850.43,Guntur,2,0,0,0
28047.24,Vijayawada,6,0,0,0
26997.37,Hyderabad,3,0,0,0
25469.96,Guntur,9,0,0,0
17021.69,Bangalore,8,0,1,1
16670.59,Pune,2,0,0,0
24576.37,Guntur,3,0,0,0
25945.96,Pune,9,1,0,1
36073.9,Delhi,8,0,1,1
8315.27,Hyderabad,4,1,0,0
38297.42,Guntur,0,0,0,0
16192.58,Chennai,10,0,0,0
24090.92,Hyderabad,1,1,1,1
39394.54,Mumbai,9,0,0,0
15710.92,Bangalore,10,0,1,1
13114.12,Bangalore,1,0,1,0
24607.84,Bangalore,1,0,0,0
25120.63,Delhi,0,1,1,1
2115.12,Hyderabad,6,1,0,0
30000.66,Pune,0,1,0,0
17333.07,Bangalore,5,0,1,1
26548.76,Chennai,6,1,0,1
20707.32,Mumbai,4,0,1,0
33100.06,Pune,5,1,0,1
36507.02,Hyderabad,8,0,1,1
20395.92,Mumbai,3,1,1,1
39347.51,Guntur,0,0,0,0
3129.52,Bangalore,0,0,1,0
41761.42,Bangalore,1,0,1,0
48111.39,Delhi,10,0,1,1
44034.65,Chennai,3,0,1,0
26463.23,Chennai,1,1,1,1
7827.56,Bangalore,1,0,1,0
36326.88,Bangalore,8,1,1,1
8013.78,Mumbai,3,1,0,0
36140.25,Guntur,8,1,0,1
15548.29,Hyderabad,4,0,1,0
41119.64,Mumbai,4,1,0,0
47312.47,Vijayawada,5,1,0,1
20223.63,Vijayawada,3,1,1,1
14762.27,Pune,0,0,1,0
15455.7,Chennai,4,1,0,0
36565.93,Bangalore,5,0,0,0
16644.41,Mumbai,2,1,0,0
1973.29,Chennai,10,0,1,0
10311.53,Chennai,3,0,1,0
41443.43,Pune,4,1,0,0
36449.71,Guntur,2,0,0,0
35594.15,Hyderabad,7,1,0,1
30362.18,Chennai,3,0,0,0
24679.79,Chennai,2,1,1,1
2056.64,Guntur,6,0,0,0
45914.71,Pune,9,1,1,1
4855.86,Hyderabad,8,1,0,0
45584.39,Guntur,3,0,0,0
16795.97,Hyderabad,6,0,0,0
12294.85,Delhi,6,1,1,1
13267.97,Hyderabad,4,0,1,0
44125.84,Mumbai,10,0,1,1
30526.16,Guntur,5,0,0,0
15630.27,Guntur,1,0,1,0
27007.54,Delhi,3,0,1,0
17213.22,Chennai,0,0,1,0
8612.97,Guntur,2,0,0,0
12083.11,Pune,4,1,1,1
3929.56,Vijayawada,4,0,1,0
26032.04,Hyderabad,6,0,1,1
38923.12,Pune,5,0,1,1
21490.61,Vijayawada,0,0,0,0
21383.15,Hyderabad,0,0,0,0
26060.8,Pune,3,1,1,1
44238.53,Vijayawada,1,0,1,0
34276.91,Guntur,1,1,0,0
47644.06,Mumbai,3,1,1,1
2697.4,Guntur,6,0,1,0
24320.77,Chennai,7,1,0,1
49197.6,Guntur,4,1,0,0
12180.8,Chennai,8,0,1,1
17196.2,Pune,3,1,0,0
2401.42,Hyderabad,3,1,0,0
5213.49,Hyderabad,5,1,0,0
25419.23,Bangalore,9,0,1,1
28746.97,Vijayawada,0,1,1,1
20202.47,Bangalore,9,1,1,1
41531.08,Bangalore,10,1,0,1
7344.53,Vijayawada,5,1,0,0
16584.66,Bangalore,1,1,0,0
28517.13,Guntur,3,0,0,0
9329.23,Pune,3,1,0,0
20270.19,Hyderabad,8,0,1,1
49502.13,Guntur,7,0,1,1
22913.36,Vijayawada,6,0,1,1
37488.9,Mumbai,4,0,0,0
33540.31,Vijayawada,9,1,0,1
32897.23,Hyderabad,8,0,1,1
44872.81,Pune,6,0,0,0
17132.85,Mumbai,8,0,1,1
27270.57,Guntur,2,1,1,1
39201.68,Pune,6,1,1,1
31554.61,Pune,3,0,1,0
5002.81,Mumbai,10,0,0,0
28618.2,Bangalore,1,1,0,0
19993.66,Bangalore,2,0,1,0
31339.46,Delhi,0,0,0,0
37641.41,Pune,0,0,1,0
45376.22,Guntur,6,0,0,0
41702.14,Guntur,6,0,0,0
33448.92,Hyderabad,9,1,0,1
47272.64,Guntur,6,0,1,1
14722.43,Hyderabad,9,0,1,1
22711.53,Pune,2,0,1,0
31386.19,Bangalore,0,1,0,0
13579.06,Bangalore,7,1,1,1
19597.82,Pune,0,1,0,0
38172.02,Mumbai,6,0,0,0
1071.18,Pune,1,1,1,0
46162.19,Hyderabad,2,0,1,0
19924.22,Chennai,8,1,0,1
10002.12,Vijayawada,7,0,0,0
47714.24,Chennai,5,1,0,1
17302.58,Guntur,6,0,1,1
23266.33,Guntur,3,0,0,0
30186.07,Chennai,0,1,0,0
37541.85,Delhi,3,1,0,0
24837.83,Guntur,9,1,1,1
9600.32,Bangalore,7,0,1,0
13303.47,Hyderabad,0,0,1,0
7128.47,Guntur,6,1,0,0
21614.87,Delhi,4,0,0,0
10324.03,Delhi,4,0,1,0
26755.67,Vijayawada,2,1,1,1
45767.01,Guntur,1,0,0,0
43921.26,Chennai,9,0,0,0
13128.81,Delhi,6,0,1,1
39241.29,Pune,10,1,0,1
43342.52,Vijayawada,3,0,0,0
27221.24,Mumbai,5,1,0,1
11522.52,Pune,7,0,1,1
20198.79,Hyderabad,1,1,1,1
20192.7,Vijayawada,7,0,1,1
43019.04,Pune,0,1,0,0
27076.97,Chennai,1,0,0,0
31495.83,Pune,5,0,0,0
33969.48,Mumbai,10,1,0,1
26999.82,Pune,7,0,1,1
28514.65,Vijayawada,1,0,0,0
16436.89,Bangalore,6,1,0,1
11837.44,Vijayawada,9,1,0,1
6431.02,Chennai,0,1,0,0
33149.45,Bangalore,8,1,1,1
32453.7,Guntur,4,1,0,0
14249.94,Delhi,7,1,0,1
4674.12,Delhi,2,0,1,0
19585.76,Delhi,3,0,0,0
13817.51,Delhi,1,0,1,0
30560.55,Pune,7,1,0,1
25339.69,Chennai,2,0,1,0
24745.97,Pune,0,1,0,0
32213.12,Hyderabad,10,0,1,1
34805.53,Pune,0,1,1,1
36411.66,Hyderabad,5,1,0,1
33683.26,Mumbai,2,1,0,0
42638.83,Pune,4,1,0,0
23088.22,Mumbai,6,0,0,0
41340.77,Chennai,9,1,0,1
31734.06,Chennai,2,1,1,1
43327.98,Pune,3,0,1,0
8304.63,Mumbai,1,1,0,0
36148.8,Pune,7,0,1,1
8467.2,Chennai,9,0,1,0
43429.88,Guntur,3,1,1,1
11255.33,Mumbai,8,0,1,1
18353.63,Pune,10,1,1,1
47483.9,Mumbai,8,1,0,1
37823.8,Chennai,10,1,1,1
479.36,Guntur,4,0,0,0
45702.63,Hyderabad,9,1,0,1
10037.48,Hyderabad,5,0,1,1
4391.91,Bangalore,5,0,1,0
4501.54,Mumbai,4,1,0,0
41397.21,Vijayawada,3,0,0,0
18368.9,Guntur,3,1,1,1
11983.63,Hyderabad,6,1,1,1
901.23,Guntur,9,1,0,0
14245.59,Vijayawada,1,0,1,0
22885.99,Hyderabad,9,0,1,1
30293.08,Bangalore,2,1,0,0
18113.23,Vijayawada,3,1,1,1
44520.24,Hyderabad,5,1,1,1
47781.75,Delhi,9,1,1,1
14048.95,Mumbai,2,0,1,0
25559.4,Pune,10,1,1,1
48230.32,Vijayawada,5,1,0,1
15296.63,Pune,9,0,0,0
49270.77,Hyderabad,0,0,0,0
2239.46,Chennai,4,1,0,0
3730.13,Mumbai,3,0,0,0
43437.41,Mumbai,1,0,0,0
17062.5,Vijayawada,0,0,1,0
34131.55,Pune,4,1,1,1
19352.7,Delhi,9,1,0,1
48158.45,Delhi,3,1,1,1
35996.1,Hyderabad,4,1,0,0
6573.85,Bangalore,8,0,1,0
10536.63,Guntur,1,0,0,0
36878.6,Chennai,3,0,0,0
30368.3,Guntur,10,0,1,1
3043.33,Pune,0,0,0,0
13193.28,Mumbai,2,0,1,0
1308.85,Guntur,2,1,1,0
33291.35,Delhi,2,0,1,0
23266.65,Delhi,4,1,1,1
6869.77,Vijayawada,2,0,1,0
30968.71,Chennai,8,1,1,1
36504.86,Delhi,6,0,0,0
48021.49,Guntur,10,1,0,1
22912.62,Chennai,3,0,1,0
46297.17,Mumbai,10,0,0,0
9171.28,Vijayawada,2,0,1,0
47771.56,Bangalore,6,1,0,1
11889.98,Vijayawada,8,0,0,0
16322.62,Mumbai,5,0,0,0
27841.61,Guntur,4,1,1,1
24506.25,Chennai,10,1,1,1
8161.93,Hyderabad,6,1,0,0
28595.08,Guntur,4,1,1,1
9104.98,Vijayawada,7,1,0,0
28595.06,Hyderabad,7,0,0,0
16622.38,Guntur,10,1,1,1
10790.44,Vijayawada,5,0,0,0
7547.05,Mumbai,10,0,0,0
19916.87,Hyderabad,0,0,0,0
44180.24,Delhi,4,1,1,1
17530.71,Vijayawada,3,1,1,1
11916.11,Hyderabad,8,1,0,1
10179.56,Pune,4,1,0,0
32305.8,Delhi,9,1,0,1
3413.78,Hyderabad,2,0,0,0
38969.35,Hyderabad,10,0,1,1
4714.51,Chennai,3,1,1,0
2928.76,Delhi,3,0,1,0
4224.13,Guntur,10,1,0,0
7344.68,Guntur,0,0,0,0
10441.56,Delhi,1,1,1,1
37657.73,Guntur,2,0,0,0
5885.1,Vijayawada,6,1,0,0
45672.94,Delhi,0,0,0,0
6885.74,Chennai,5,1,0,0
46281.6,Chennai,3,0,1,0
21629.28,Vijayawada,5,0,0,0
22821.63,Vijayawada,10,1,0,1
38241.57,Guntur,4,0,0,0
14294.08,Mumbai,8,1,0,1
43006.21,Vijayawada,9,1,0,1
29856.53,Chennai,6,0,0,0
35061.22,Guntur,5,1,1,1
40542.18,Mumbai,10,0,0,0
6497.35,Guntur,9,1,0,0
11520.28,Bangalore,7,0,0,0
9618.75,Pune,5,1,1,1
15416.56,Bangalore,2,0,0,0
47081.48,Delhi,2,0,0,0
46516.24,Vijayawada,6,0,1,1
24017.59,Hyderabad,8,1,1,1
8400.96,Guntur,9,0,1,0
21617.97,Chennai,9,0,1,1
6586.38,Mumbai,4,0,1,0
13126.99,Bangalore,2,0,0,0
1715.91,Mumbai,0,0,0,0
45408.23,Mumbai,6,1,1,1
21217.14,Delhi,4,0,1,0
29547.13,Pune,5,1,1,1
42190.91,Guntur,3,1,1,1
6929.27,Hyderabad,4,1,1,0
5616.96,Guntur,8,0,0,0
2032.65,Guntur,0,1,0,0
22521.36,Vijayawada,4,0,1,0
21247.88,Mumbai,0,0,0,0
22443.28,Mumbai,2,0,0,0
35244.76,Hyderabad,7,0,0,0
20488.48,Delhi,1,0,0,0
35659.8,Bangalore,5,0,0,0
18119.94,Bangalore,8,1,1,1
10054.78,Chennai,6,0,0,0
1337.03,Mumbai,9,1,0,0
26631.42,Pune,8,1,1,1
35200.05,Hyderabad,9,1,1,1
10307.64,Chennai,8,0,1,1
49987.96,Delhi,3,1,0,0
46106.27,Vijayawada,6,1,1,1
4038.78,Vijayawada,9,0,0,0
35003.91,Hyderabad,7,0,0,0
48993.16,Guntur,6,1,1,1
15599.0,Guntur,5,0,0,0
2623.82,Guntur,9,1,1,1
45705.08,Chennai,0,0,1,0
27239.51,Hyderabad,8,0,1,1
15820.84,Vijayawada,10,0,1,1
2210.62,Delhi,9,0,1,0
46470.13,Guntur,6,1,0,1
10013.32,Pune,9,1,0,1
19172.84,Pune,8,1,0,1
45412.98,Delhi,1,0,0,0
14404.09,Bangalore,0,1,1,1
12487.27,Vijayawada,2,1,1,1
10625.68,Delhi,8,1,0,1
40369.97,Pune,1,1,0,0
42421.26,Chennai,10,0,0,0
23416.7,Guntur,8,1,0,1
4542.24,Bangalore,0,0,0,0
4844.39,Mumbai,8,0,0,0
34248.87,Guntur,9,1,0,1
4266.69,Hyderabad,7,0,1,0
40784.41,Bangalore,1,1,1,1
26801.69,Mumbai,2,0,1,0
26145.12,Delhi,3,1,1,1
46632.1,Hyderabad,8,0,0,0
13049.08,Mumbai,0,1,1,1
23716.44,Pune,1,0,0,0
28215.11,Guntur,4,1,0,0
46714.02,Vijayawada,8,1,1,1
30035.1,Pune,6,0,1,1
28971.94,Bangalore,10,1,0,1
2252.42,Bangalore,5,0,0,0
45245.6,Mumbai,1,1,0,0
21414.77,Delhi,7,0,0,0
14277.46,Pune,8,0,1,1
17766.72,Bangalore,7,1,0,1
32035.93,Pune,9,1,1,1
19248.16,Hyderabad,3,1,1,1
13355.67,Guntur,8,1,0,1
22252.93,Pune,2,1,0,0
7202.75,Bangalore,5,0,1,0
27176.72,Bangalore,2,0,0,0
26777.64,Pune,8,0,0,0
6959.22,Vijayawada,4,1,1,0
49530.7,Pune,8,1,0,1
1200.54,Guntur,1,0,1,0
10801.14,Vijayawada,1,0,1,0
49929.09,Chennai,3,1,0,0
10745.86,Vijayawada,6,0,1,1
49052.53,Guntur,0,1,1,1
20090.35,Bangalore,0,0,1,0
37548.78,Guntur,7,0,1,1
30852.35,Chennai,6,1,0,1
34881.03,Pune,4,0,1,0
42271.88,Vijayawada,7,1,0,1
35039.71,Pune,9,0,0,0
23140.08,Bangalore,8,0,0,0
4073.01,Chennai,4,1,0,0
42002.76,Pune,9,0,1,1
47364.53,Pune,8,1,0,1
34854.32,Pune,8,1,1,1
28404.35,Bangalore,1,1,1,1
48946.92,Guntur,10,0,0,0
30723.49,Delhi,9,0,0,0
49734.73,Mumbai,3,1,0,0
5758.09,Hyderabad,7,0,1,0
11430.75,Pune,9,1,0,1
15787.96,Bangalore,6,0,0,0
16449.93,Delhi,9,0,1,1
483.15,Bangalore,0,1,0,0
26564.61,Hyderabad,9,1,0,1
14736.54,Pune,6,1,1,1
21623.87,Pune,6,0,1,1
13180.33,Pune,0,1,1,1
43272.4,Hyderabad,7,1,1,1
28603.39,Chennai,4,1,0,0
39084.85,Vijayawada,9,0,1,1
12201.58,Pune,5,1,1,1
39185.63,Mumbai,10,0,1,1
35059.86,Mumbai,0,0,1,0
30222.16,Hyderabad,5,0,0,0
34770.15,Vijayawada,10,1,0,1
6008.87,Delhi,2,1,0,0
21466.28,Pune,7,1,1,1
6803.39,Hyderabad,5,0,1,0
5272.45,Guntur,2,1,0,0
18688.21,Hyderabad,8,1,1,1
405.35,Delhi,8,0,0,0
29481.62,Vijayawada,6,1,1,1
9874.6,Delhi,1,0,1,0
46543.19,Vijayawada,0,1,1,1
49711.38,Pune,6,1,0,1
3899.37,Chennai,1,0,0,0
26485.22,Chennai,3,1,1,1
21561.18,Delhi,9,1,0,1
27749.97,Bangalore,10,0,1,1
47404.6,Guntur,2,1,0,0
33620.28,Mumbai,3,1,1,1
39866.1,Pune,4,0,0,0
12797.79,Delhi,10,1,1,1
16993.11,Guntur,2,0,0,0
7083.19,Bangalore,3,0,1,0
38510.57,Delhi,9,1,0,1
21975.58,Bangalore,6,0,0,0
32288.74,Vijayawada,10,0,1,1
1632.18,Guntur,8,1,0,0
44897.19,Guntur,5,0,0,0
30376.35,Bangalore,6,0,0,0
16514.67,Pune,10,0,0,0
30483.15,Bangalore,3,1,0,0
31244.04,Bangalore,3,1,0,0
689.58,Pune,10,0,0,0
22083.03,Pune,8,1,0,1
17332.48,Bangalore,2,1,1,1
45847.81,Pune,5,1,1,1
2769.01,Guntur,8,0,1,0
23808.06,Guntur,9,0,1,1
876.92,Guntur,10,1,0,0
7439.47,Pune,7,1,1,1
49409.78,Bangalore,8,0,0,0
49661.06,Delhi,5,1,0,1
5322.24,Pune,7,0,1,0
11704.3,Vijayawada,1,1,1,1
13463.2,Vijayawada,3,0,1,0
26121.03,Guntur,3,0,0,0
49267.99,Pune,10,1,0,1
46005.54,Hyderabad,2,0,0,0
35613.37,Vijayawada,8,0,0,0
6144.22,Chennai,1,0,0,0
8868.88,Pune,0,0,0,0
23119.33,Hyderabad,6,0,0,0
25445.37,Guntur,10,1,1,1
659.08,Mumbai,1,1,0,0
19247.42,Chennai,1,1,0,0
44897.28,Guntur,4,1,0,0
29522.67,Pune,0,1,1,1
39173.61,Mumbai,8,0,0,0
15535.57,Hyderabad,9,1,0,1
282.13,Vijayawada,0,1,1,0
275.06,Delhi,4,1,1,0
41721.15,Pune,5,0,0,0
21699.26,Bangalore,10,1,1,1
4692.17,Bangalore,0,1,1,0
43388.44,Hyderabad,1,0,1,0
40407.37,Pune,8,1,0,1
30744.51,Hyderabad,9,1,1,1
26187.36,Pune,0,1,0,0
21042.55,Pune,3,1,0,0
26761.36,Pune,9,1,0,1
30385.97,Guntur,0,0,1,0
23676.67,Mumbai,10,1,0,1
1628.68,Mumbai,9,1,0,0
22731.36,Hyderabad,1,1,1,1
34691.35,Guntur,3,0,0,0
6721.78,Pune,5,1,0,0
833.16,Vijayawada,1,0,1,0
47043.18,Mumbai,7,1,1,1
48578.62,Delhi,1,1,1,1
14610.29,Bangalore,1,0,1,0
19316.32,Vijayawada,2,0,0,0
14088.51,Pune,9,1,0,1
13386.93,Mumbai,2,0,1,0
25660.12,Bangalore,1,1,0,0
36078.2,Guntur,5,1,0,1
41183.04,Delhi,5,1,1,1
41688.6,Vijayawada,0,1,1,1
244.02,Mumbai,9,0,0,0
24897.55,Guntur,0,0,0,0
31642.7,Bangalore,3,1,1,1
47536.89,Vijayawada,7,0,0,0
13994.46,Mumbai,7,0,0,0
44382.47,Guntur,4,0,0,0
24325.19,Bangalore,10,0,0,0
35882.13,Pune,3,0,0,0
3717.15,Delhi,8,1,0,0
3388.96,Guntur,5,0,0,0
28760.61,Guntur,0,0,1,0
49054.64,Vijayawada,10,0,1,1
21427.44,Delhi,0,1,0,0
2756.68,Hyderabad,9,0,0,0
1738.12,Hyderabad,1,1,1,0
329.71,Bangalore,7,1,0,0
28132.54,Vijayawada,5,1,0,1
39892.69,Chennai,8,1,1,1
43273.71,Bangalore,6,1,0,1
14023.52,Guntur,7,0,1,1
47970.87,Chennai,8,0,1,1
40258.2,Guntur,8,0,0,0
1872.53,Mumbai,5,0,0,0
38756.69,Vijayawada,10,1,0,1
3529.16,Delhi,4,0,1,0
12876.08,Pune,3,1,0,0
26543.99,Hyderabad,6,1,1,1
37292.06,Bangalore,7,0,0,0
44560.69,Vijayawada,8,0,1,1
15964.18,Pune,3,1,1,1
45758.72,Mumbai,8,0,1,1
2748.34,Pune,7,1,0,0
18069.29,Guntur,9,1,1,1
18274.68,Vijayawada,6,0,0,0
36486.41,Mumbai,0,0,1,0
5446.29,Guntur,7,1,0,0
44485.21,Delhi,1,0,0,0
38967.57,Vijayawada,6,0,0,0
16493.84,Hyderabad,4,1,1,1
34368.21,Pune,2,0,0,0
35882.63,Bangalore,5,0,1,1
34961.77,Guntur,1,0,0,0
33376.38,Mumbai,2,1,1,1
43608.95,Pune,0,0,0,0
38001.37,Guntur,0,0,1,0
16929.3,Delhi,2,1,1,1
31722.45,Delhi,9,1,0,1
14197.73,Chennai,7,0,1,1
42241.79,Mumbai,7,0,1,1
32231.27,Hyderabad,3,0,0,0
49130.1,Hyderabad,4,0,1,0
10242.85,Bangalore,9,0,0,0
17475.67,Hyderabad,0,0,1,0
25373.47,Bangalore,4,0,0,0
31380.36,Vijayawada,1,0,1,0
47996.23,Mumbai,5,1,0,1
34332.63,Mumbai,5,0,0,0
19457.33,Delhi,0,0,1,0
28512.78,Pune,9,0,0,0
28602.53,Pune,8,0,0,0
35884.73,Chennai,7,1,0,1
49806.18,Chennai,8,1,0,1
33144.4,Mumbai,9,1,1,1
43108.21,Delhi,0,0,1,0
22977.97,Hyderabad,2,1,1,1
10976.51,Guntur,10,1,0,1
24712.19,Vijayawada,6,1,1,1
44952.31,Delhi,2,1,0,0
26908.22,Vijayawada,2,0,0,0
11019.87,Guntur,3,1,1,1
3580.23,Hyderabad,0,0,1,0
17872.86,Chennai,0,1,1,1
795.83,Pune,1,0,1,0
22259.18,Mumbai,2,0,1,0
47888.62,Mumbai,7,1,1,1
42874.77,Pune,2,0,0,0
15653.08,Chennai,6,0,0,0
21012.11,Delhi,2,0,0,0
18565.2,Bangalore,8,0,0,0
23150.99,Hyderabad,7,0,0,0
45375.81,Vijayawada,1,0,1,0
11359.92,Chennai,8,0,0,0
21629.31,Guntur,2,0,0,0
17693.32,Hyderabad,8,0,1,1
34351.13,Guntur,9,0,1,1
38662.85,Mumbai,8,1,0,1
16682.56,Delhi,8,0,1,1
34544.34,Pune,7,0,0,0
27845.05,Chennai,0,0,1,0
23989.64,Pune,9,0,0,0
30471.96,Bangalore,2,1,0,0
16651.77,Vijayawada,4,0,0,0
8489.26,Hyderabad,7,0,0,0
8963.85,Chennai,3,1,0,0
6849.99,Guntur,2,0,1,0
13943.47,Vijayawada,7,1,0,1
46235.28,Pune,8,0,0,0
48699.51,Vijayawada,5,0,0,0
36812.39,Chennai,0,0,0,0
48935.91,Vijayawada,4,0,0,0
6616.17,Vijayawada,7,1,1,1
34803.08,Chennai,1,0,1,0
2167.3,Mumbai,2,0,1,0
44328.16,Chennai,6,1,1,1
244.0,Delhi,0,1,0,0
22900.21,Chennai,5,1,0,1
6687.76,Guntur,1,0,0,0
20843.96,Bangalore,10,0,1,1
18968.19,Chennai,9,0,0,0
6054.65,Bangalore,0,1,0,0
3437.35,Vijayawada,6,1,0,0
28417.71,Delhi,3,0,1,0
798.21,Mumbai,0,1,1,0
48445.07,Hyderabad,6,1,1,1
19219.92,Pune,6,0,0,0
18166.33,Bangalore,0,1,1,1
15095.1,Pune,0,1,1,1
48986.86,Chennai,10,1,0,1
28420.89,Pune,5,0,1,1
8447.01,Pune,3,0,0,0
6821.01,Vijayawada,1,0,1,0
12860.75,Mumbai,6,0,1,1
13401.1,Delhi,2,0,0,0
47462.26,Vijayawada,9,0,1,1
32009.55,Bangalore,4,0,1,0
11108.1,Vijayawada,8,1,0,1
36036.25,Mumbai,4,1,0,0
33368.85,Chennai,5,0,0,0
13111.03,Guntur,3,0,0,0
4026.41,Hyderabad,5,1,1,1
18755.72,Pune,4,1,1,1
45815.27,Mumbai,9,1,1,1
39823.7,Chennai,6,1,1,1
18088.58,Delhi,3,1,1,1
49557.3,Pune,4,1,1,1
48117.53,Bangalore,1,1,0,0
6411.01,Mumbai,2,1,1,0
1204.09,Guntur,0,1,1,0
40756.82,Mumbai,2,1,0,0
39347.72,Bangalore,5,1,1,1
42227.55,Hyderabad,2,0,0,0
22714.7,Mumbai,4,0,0,0
38868.29,Vijayawada,9,0,1,1
19301.82,Chennai,4,0,1,0
12465.84,Bangalore,2,1,0,0
38859.9,Delhi,4,0,0,0
28371.91,Guntur,3,1,0,0
48056.42,Guntur,10,0,0,0
24834.55,Vijayawada,8,1,0,1
46602.87,Guntur,1,1,1,1
45815.9,Vijayawada,8,1,1,1
10534.85,Pune,10,1,0,1
44470.09,Bangalore,8,1,1,1
42222.66,Guntur,10,1,0,1
24911.28,Pune,10,0,0,0
39851.97,Delhi,2,0,1,0
22703.02,Mumbai,9,1,1,1
20396.21,Guntur,3,1,0,0
14005.0,Vijayawada,0,0,1,0
40702.2,Mumbai,8,0,0,0
16341.63,Hyderabad,8,0,0,0
46046.67,Guntur,7,0,0,0
15528.52,Guntur,5,1,0,1
21328.59,Guntur,9,1,0,1
38485.05,Delhi,3,1,0,0
49673.38,Chennai,0,0,0,0
18966.36,Pune,5,1,0,1
8882.91,Chennai,0,0,1,0
17264.07,Chennai,5,1,0,1
7503.09,Chennai,2,1,0,0
44691.71,Bangalore,9,0,0,0
18243.17,Chennai,7,0,1,1
6547.21,Mumbai,6,1,0,0
48602.44,Hyderabad,7,1,0,1
27606.23,Pune,7,0,0,0
30396.0,Pune,1,0,0,0
2024.86,Vijayawada,0,1,0,0
19881.64,Guntur,5,0,0,0
48186.51,Bangalore,7,1,1,1
38989.6,Delhi,7,0,1,1
37712.21,Chennai,2,0,0,0
49109.4,Hyderabad,2,0,0,0
31773.55,Vijayawada,9,1,1,1
17370.7,Vijayawada,10,0,0,0
36739.2,Pune,5,1,0,1
9233.72,Mumbai,9,1,0,0
32838.88,Chennai,6,0,1,1
3426.79,Bangalore,10,0,0,0
19901.31,Chennai,7,1,0,1
415.01,Bangalore,10,1,0,0
38631.29,Hyderabad,10,1,0,1
44435.08,Vijayawada,1,0,1,0
20124.5,Chennai,0,1,1,1
28588.44,Guntur,7,1,1,1
15760.17,Mumbai,4,1,0,0
15989.18,Guntur,9,0,0,0
18477.54,Guntur,6,1,0,1
28354.7,Pune,10,1,1,1
13653.8,Chennai,9,0,1,1
29587.64,Vijayawada,7,1,1,1
3103.89,Bangalore,0,0,0,0
8519.49,Delhi,2,0,0,0
4895.09,Bangalore,10,0,0,0
3757.25,Pune,3,0,1,0
23191.59,Hyderabad,9,1,1,1
28363.1,Guntur,8,1,0,1
8332.19,Guntur,7,1,0,0
39914.7,Pune,2,0,1,0
33780.01,Delhi,0,1,1,1
32472.54,Chennai,6,1,0,1
47041.16,Guntur,10,1,0,1
30170.63,Bangalore,10,1,1,1
9499.97,Chennai,8,1,0,0
6321.99,Guntur,0,0,0,0
17663.45,Pune,0,1,1,1
13687.14,Delhi,4,1,1,1
443.69,Pune,0,0,0,0
48411.66,Bangalore,7,1,1,1
27283.3,Bangalore,6,1,1,1
28662.55,Guntur,9,1,1,1
21047.5,Pune,3,1,1,1
34562.25,Hyderabad,0,1,1,1
1250.37,Chennai,3,1,1,0
23565.96,Pune,0,1,1,1
30861.29,Guntur,7,1,0,1
44148.32,Pune,9,1,0,1
11214.73,Delhi,3,0,1,0
35978.89,Guntur,2,1,1,1
8159.45,Chennai,2,1,1,0
21385.67,Bangalore,3,0,1,0
45816.64,Mumbai,9,1,1,1
46137.9,Bangalore,6,1,0,1
48621.49,Bangalore,4,1,0,0
35480.93,Pune,1,1,0,0
28512.34,Bangalore,9,0,0,0
13861.82,Bangalore,7,1,0,1
43865.96,Vijayawada,4,0,0,0
11303.99,Vijayawada,9,1,1,1
30311.39,Guntur,7,0,1,1
12533.94,Vijayawada,1,0,1,0
3154.08,Hyderabad,2,0,1,0
23998.62,Bangalore,4,1,0,0
31551.83,Delhi,6,1,1,1
40037.61,Chennai,2,0,0,0
607.02,Bangalore,4,1,1,0
19136.92,Hyderabad,1,0,0,0
41165.73,Vijayawada,2,1,0,0
38961.38,Pune,3,1,1,1
43229.53,Mumbai,8,1,0,1
29159.28,Pune,10,1,0,1
48545.53,Bangalore,1,0,0,0
35320.23,Bangalore,8,1,0,1
34818.57,Guntur,6,1,0,1
3716.7,Chennai,8,1,0,0
14901.51,Vijayawada,2,0,1,0
46646.13,Chennai,2,0,0,0
15570.37,Pune,4,0,1,0
10474.82,Chennai,1,0,1,0
33197.96,Hyderabad,9,1,1,1
1730.21,Bangalore,10,1,0,0
19133.31,Guntur,9,0,0,0
32366.99,Guntur,7,1,1,1
23344.23,Chennai,3,0,1,0
42089.47,Mumbai,0,0,0,0
47367.73,Pune,2,0,1,0
19603.09,Vijayawada,2,1,1,1
10028.62,Hyderabad,2,0,0,0
6900.98,Guntur,2,1,1,0
10854.76,Chennai,0,0,0,0
9943.7,Guntur,6,1,1,1
36729.76,Mumbai,1,1,1,1
46647.45,Vijayawada,0,1,1,1
38817.7,Chennai,9,1,1,1
44942.39,Mumbai,0,0,1,0
10609.41,Bangalore,1,0,0,0
40821.63,Chennai,2,0,0,0
13615.58,Bangalore,2,0,0,0
22976.79,Delhi,9,0,0,0
35913.2,Hyderabad,2,0,1,0
44065.89,Bangalore,0,1,1,1
33061.64,Delhi,8,1,0,1
32145.44,Pune,7,1,1,1
5382.96,Hyderabad,9,0,1,0
19377.24,Vijayawada,10,0,1,1
39452.13,Guntur,7,0,1,1
9075.95,Pune,5,0,1,0
19770.73,Vijayawada,8,1,1,1
47363.0,Delhi,7,0,0,0
28712.83,Vijayawada,1,0,0,0
4318.36,Hyderabad,0,0,1,0
11861.74,Guntur,5,1,0,1
22775.29,Hyderabad,0,1,1,1
39917.09,Guntur,3,0,1,0
29429.07,Vijayawada,9,1,1,1
29949.06,Vijayawada,1,1,0,0
8857.59,Chennai,7,1,1,1
11093.57,Hyderabad,7,0,0,0
18099.76,Guntur,4,0,0,0
18846.46,Pune,6,1,1,1
42514.87,Chennai,3,0,0,0
10197.6,Delhi,4,1,1,1
43872.73,Mumbai,0,1,1,1
686.0,Hyderabad,7,0,0,0
43023.05,Guntur,9,1,1,1
30642.66,Delhi,5,0,1,1
12943.2,Chennai,2,1,1,1
8081.92,Chennai,9,1,1,1
13473.57,Mumbai,7,1,1,1
39760.04,Hyderabad,2,1,0,0
20976.21,Vijayawada,6,1,0,1
40495.11,Vijayawada,2,0,1,0
7630.38,Mumbai,4,0,0,0
46210.62,Vijayawada,6,0,0,0
29611.48,Pune,5,1,0,1
12293.75,Vijayawada,10,0,1,1
41350.74,Pune,4,0,0,0
18911.46,Mumbai,5,1,0,1
4945.09,Hyderabad,3,0,0,0
2276.11,Guntur,9,0,0,0
40964.21,Guntur,1,0,0,0
47492.87,Bangalore,2,0,1,0
25616.95,Pune,1,1,0,0
27217.65,Bangalore,8,1,1,1
44692.11,Bangalore,1,0,1,0
27857.97,Bangalore,0,1,1,1
37528.82,Pune,10,0,0,0
8965.3,Delhi,8,1,1,1
12303.14,Pune,5,1,1,1
14160.27,Pune,6,1,0,1
36238.6,Guntur,3,1,0,0
30564.7,Guntur,6,0,0,0
9746.07,Hyderabad,0,1,0,0
14287.67,Guntur,9,1,0,1
14142.08,Delhi,7,0,0,0
43148.77,Bangalore,7,0,1,1
28810.83,Chennai,8,0,0,0
5633.59,Chennai,8,0,0,0
43771.65,Vijayawada,6,1,0,1
35340.9,Chennai,0,0,1,0
37424.99,Pune,8,1,0,1
9508.75,Hyderabad,1,0,1,0
16399.21,Chennai,2,1,0,0
27536.68,Pune,0,1,0,0
42138.32,Hyderabad,9,0,0,0
22609.98,Delhi,8,1,0,1
37838.7,Chennai,3,0,0,0
44112.51,Chennai,8,1,0,1
40746.41,Guntur,6,0,1,1
44175.31,Pune,8,1,0,1
22798.3,Guntur,3,1,1,1
140.94,Vijayawada,1,0,0,0
10136.14,Chennai,3,0,0,0
17531.45,Delhi,2,1,0,0
16335.81,Delhi,0,1,1,1
19343.57,Mumbai,10,0,1,1
41293.54,Bangalore,2,0,0,0
12443.38,Delhi,1,0,1,0
47830.47,Mumbai,1,1,0,0
48499.86,Mumbai,6,0,1,1
33070.98,Pune,2,0,0,0
18905.83,Mumbai,6,1,0,1
28779.83,Delhi,1,0,1,0
10286.59,Mumbai,9,0,1,1
11253.43,Delhi,4,1,0,0
36934.89,Bangalore,2,0,1,0
31407.34,Bangalore,2,1,1,1
3240.16,Hyderabad,7,1,1,1
28165.55,Delhi,8,1,1,1
12820.01,Bangalore,5,1,1,1
3855.87,Guntur,8,0,1,0
20606.58,Mumbai,3,1,1,1
10392.27,Bangalore,9,0,1,1
38842.65,Bangalore,8,0,1,1
15870.25,Hyderabad,9,0,1,1
16400.68,Vijayawada,2,0,0,0
19983.73,Pune,7,0,1,1
14564.91,Vijayawada,9,0,0,0
13600.92,Chennai,4,1,0,0
127.18,Mumbai,8,0,0,0
24175.13,Bangalore,10,0,1,1
41687.04,Chennai,1,1,1,1
826.99,Hyderabad,7,1,0,0
131.53,Pune,0,1,1,0
5180.94,Hyderabad,9,1,0,0
45566.91,Guntur,5,1,1,1
27942.11,Bangalore,9,0,1,1
21656.46,Hyderabad,9,0,1,1
32716.02,Pune,8,1,0,1
43921.52,Chennai,0,0,0,0
21443.57,Bangalore,1,0,0,0
45954.81,Hyderabad,4,1,0,0
19730.39,Pune,4,1,1,1
40943.16,Hyderabad,5,0,1,1
18953.71,Mumbai,2,0,1,0
30602.96,Mumbai,6,1,0,1
46628.7,Guntur,2,0,0,0
30488.52,Bangalore,5,0,0,0
22034.88,Bangalore,0,1,1,1
24071.98,Mumbai,6,1,1,1
18681.03,Vijayawada,3,1,1,1
4909.81,Hyderabad,3,0,1,0
24506.04,Mumbai,1,0,1,0
36459.84,Hyderabad,3,0,0,0
265.88,Vijayawada,3,1,0,0
47330.59,Vijayawada,1,1,0,0
31702.04,Pune,7,1,0,1
38642.8,Mumbai,8,0,1,1
35647.04,Vijayawada,5,1,0,1
29264.35,Vijayawada,4,0,1,0
35668.85,Guntur,5,0,1,1
48877.17,Guntur,5,1,1,1
22486.47,Hyderabad,0,1,0,0
18227.31,Delhi,9,0,1,1
22759.99,Mumbai,4,1,0,0
31967.57,Delhi,5,0,1,1
43704.87,Guntur,4,0,1,0
17884.72,Bangalore,4,1,0,0
14540.31,Mumbai,9,0,0,0
11645.26,Chennai,8,0,0,0
6328.11,Guntur,3,1,0,0
34450.2,Hyderabad,3,0,1,0
25697.69,Mumbai,8,0,0,0
39740.75,Hyderabad,7,1,0,1
14333.53,Mumbai,8,1,0,1
34245.13,Delhi,5,0,0,0
34606.32,Mumbai,6,1,0,1
36474.03,Guntur,7,0,0,0
17876.4,Bangalore,10,1,0,1
14032.89,Delhi,6,1,0,1
22190.38,Guntur,6,0,1,1
49348.15,Vijayawada,3,0,1,0
29424.27,Pune,9,1,1,1
13173.46,Hyderabad,5,0,0,0
5697.06,Chennai,8,1,1,1
28914.23,Vijayawada,8,0,1,1
4850.46,Bangalore,1,1,1,0
8593.04,Bangalore,4,1,1,0
31000.73,Delhi,10,1,1,1
8617.76,Mumbai,5,1,1,1
37736.26,Vijayawada,2,0,0,0
7258.62,Vijayawada,7,1,0,0
15032.06,Guntur,8,0,1,1
23159.89,Mumbai,5,1,1,1
40563.17,Delhi,4,0,1,0
38051.42,Guntur,2,1,0,0
9193.04,Mumbai,3,0,0,0
37624.08,Chennai,8,0,0,0
30526.75,Mumbai,7,0,1,1
28864.24,Delhi,0,0,0,0
23453.72,Vijayawada,0,1,1,1
28057.67,Chennai,6,1,0,1
41173.32,Hyderabad,5,0,1,1
37751.75,Chennai,7,0,1,1
6414.17,Guntur,6,0,0,0
28826.1,Chennai,9,0,0,0
47930.44,Bangalore,8,0,1,1
6806.62,Chennai,5,1,0,0
36203.0,Guntur,0,0,1,0
42793.7,Mumbai,1,0,1,0
3143.73,Delhi,2,1,0,0
10408.55,Chennai,1,1,1,1
19017.82,Guntur,6,0,1,1
10929.94,Chennai,5,1,0,1
17726.17,Mumbai,9,0,0,0
27273.18,Bangalore,6,0,1,1
22573.1,Pune,3,0,1,0
41038.53,Mumbai,3,1,0,0
17401.2,Bangalore,1,0,1,0
12380.36,Chennai,10,0,0,0
23629.69,Vijayawada,2,1,0,0
27280.64,Hyderabad,6,1,1,1
17221.46,Guntur,3,1,0,0
18947.78,Pune,4,1,0,0
3919.52,Chennai,1,1,1,0
16804.63,Bangalore,10,1,1,1
2238.4,Chennai,5,0,0,0
33497.01,Delhi,8,0,0,0
49008.45,Delhi,0,1,0,0
21042.95,Bangalore,6,0,0,0
31724.62,Guntur,10,1,1,1
26490.54,Chennai,9,0,1,1
46335.59,Pune,9,1,0,1
24815.33,Vijayawada,4,0,0,0
25332.25,Mumbai,4,1,1,1
37744.5,Mumbai,5,0,0,0
26928.11,Guntur,7,0,1,1
22730.29,Guntur,3,0,1,0
39462.93,Chennai,6,1,0,1
15322.84,Chennai,3,0,1,0
27464.0,Chennai,7,1,0,1
10801.01,Hyderabad,4,1,1,1
41487.06,Hyderabad,1,0,0,0
31172.16,Pune,1,1,0,0
48469.3,Vijayawada,2,0,1,0
17499.17,Guntur,2,0,1,0
32794.92,Hyderabad,2,0,0,0
36235.64,Vijayawada,5,1,1,1
465.41,Hyderabad,4,0,0,0
35393.08,Chennai,7,1,0,1
8062.1,Hyderabad,5,0,0,0
31107.07,Vijayawada,9,1,0,1
7295.5,Delhi,4,1,0,0
7636.07,Chennai,6,1,1,1
9248.28,Bangalore,5,0,1,0
39693.2,Bangalore,2,1,0,0
41635.85,Pune,10,0,0,0
5073.97,Chennai,8,0,0,0
15343.39,Pune,8,1,0,1
10834.1,Pune,7,0,0,0
22487.68,Vijayawada,10,0,0,0
38973.9,Pune,0,1,0,0
44673.8,Mumbai,6,0,0,0
9910.03,Mumbai,8,0,0,0
23295.83,Hyderabad,9,1,0,1
4879.41,Hyderabad,3,0,1,0
1397.24,Guntur,7,0,1,0
9556.38,Vijayawada,0,1,0,0
4766.86,Delhi,3,1,0,0
44241.52,Vijayawada,10,1,1,1
9363.33,Bangalore,0,1,1,0
37199.73,Vijayawada,1,1,0,0
27403.17,Delhi,1,1,0,0
12916.08,Vijayawada,3,1,0,0
41270.12,Vijayawada,4,1,0,0
18091.24,Vijayawada,1,1,0,0
17181.83,Vijayawada,3,1,0,0
47722.06,Bangalore,10,0,1,1
37121.2,Pune,7,1,0,1
30889.5,Mumbai,3,0,1,0
15858.73,Pune,3,0,1,0
4037.25,Vijayawada,7,1,0,0
13590.38,Guntur,5,1,1,1
19175.02,Guntur,2,0,0,0
16051.49,Pune,8,0,0,0
27070.58,Bangalore,6,1,1,1
24000.58,Chennai,6,1,0,1
23234.09,Bangalore,0,0,1,0
22863.71,Guntur,0,0,1,0
48838.36,Bangalore,1,0,1,0
31023.59,Pune,9,0,0,0
15108.7,Pune,0,1,0,0
30435.68,Mumbai,10,0,0,0
48984.41,Bangalore,4,1,1,1
22507.46,Chennai,0,0,0,0
28746.8,Bangalore,8,1,1,1
21641.5,Guntur,2,0,0,0
49893.77,Hyderabad,3,1,0,0
18028.05,Chennai,5,0,0,0
198.72,Chennai,0,0,1,0
39684.64,Guntur,6,1,0,1
30648.1,Bangalore,0,0,0,0
6043.64,Pune,0,0,0,0
28429.1,Vijayawada,10,0,0,0
34307.0,Hyderabad,3,1,1,1
19471.41,Guntur,8,1,1,1
47145.86,Bangalore,8,1,1,1
19486.54,Bangalore,0,0,0,0
34246.42,Guntur,3,1,0,0
36178.32,Guntur,3,1,0,0
26217.23,Mumbai,1,1,0,0
34745.71,Vijayawada,5,0,1,1
48641.64,Guntur,3,1,0,0
18214.64,Pune,5,0,1,1
20614.68,Bangalore,7,1,1,1
14240.84,Delhi,4,1,1,1
7498.67,Vijayawada,0,0,0,0
13423.13,Guntur,10,0,0,0
34467.04,Delhi,2,0,0,0
29863.53,Pune,4,0,0,0
7122.85,Delhi,8,1,0,0
13177.79,Chennai,5,0,1,1
39504.46,Bangalore,5,0,1,1
8072.49,Hyderabad,3,1,1,0
520.22,Vijayawada,1,0,0,0
27627.86,Pune,5,0,0,0
46919.58,Mumbai,10,0,1,1
28266.59,Hyderabad,4,1,0,0
3135.53,Hyderabad,9,0,0,0
13298.66,Guntur,6,0,0,0
6476.56,Guntur,3,0,1,0
1578.27,Pune,2,0,0,0
3525.32,Bangalore,1,0,0,0
47330.54,Pune,5,0,1,1
21817.79,Bangalore,5,0,1,1
19153.6,Vijayawada,0,1,0,0
48925.62,Pune,6,0,1,1
41278.35,Mumbai,0,0,0,0
11906.23,Bangalore,5,1,0,1
24641.72,Mumbai,2,1,0,0
27960.88,Pune,6,0,1,1
26784.43,Vijayawada,2,1,0,0
41319.9,Delhi,10,0,1,1
49344.6,Pune,8,1,1,1
46753.88,Bangalore,6,0,0,0
49179.9,Delhi,9,1,1,1
25580.77,Delhi,4,1,1,1
41510.48,Chennai,10,0,0,0
18144.12,Bangalore,0,1,0,0
25079.87,Vijayawada,7,1,0,1
11841.14,Hyderabad,4,0,1,0
15431.2,Guntur,6,1,0,1
7625.71,Mumbai,5,1,1,1
8264.98,Pune,4,0,0,0
33030.25,Guntur,4,1,0,0
5143.66,Guntur,9,1,0,0
26606.7,Pune,7,0,0,0
11751.74,Vijayawada,3,1,1,1
36228.38,Hyderabad,8,1,1,1
49654.31,Mumbai,6,1,0,1
42352.44,Guntur,1,0,0,0
8133.79,Bangalore,5,1,0,0
4204.86,Guntur,2,0,0,0
35440.83,Hyderabad,0,1,1,1
41207.4,Guntur,3,1,0,0
35705.15,Hyderabad,10,1,0,1
10211.52,Delhi,0,0,0,0
27582.86,Guntur,9,0,0,0
40398.63,Bangalore,0,0,0,0
45957.28,Guntur,7,0,0,0
37535.6,Pune,7,0,1,1
2374.8,Mumbai,1,1,0,0
34218.77,Guntur,9,0,1,1
29133.54,Mumbai,4,1,1,1
46071.1,Chennai,10,0,0,0
47914.4,Vijayawada,5,0,1,1
35337.82,Delhi,0,1,0,0
26177.05,Delhi,0,1,0,0
29977.34,Guntur,0,0,1,0
47280.12,Guntur,1,1,0,0
38981.94,Chennai,7,0,0,0
33874.62,Delhi,9,1,1,1
24571.46,Mumbai,1,0,1,0
41891.31,Guntur,0,1,1,1
44993.55,Hyderabad,0,0,1,0
33719.45,Delhi,8,1,1,1
43369.87,Vijayawada,8,0,0,0
32601.46,Vijayawada,10,1,0,1
10743.04,Guntur,6,0,0,0
19596.08,Mumbai,0,1,1,1
42361.11,Hyderabad,4,1,1,1
19507.78,Pune,7,1,0,1
31025.21,Vijayawada,1,0,1,0
4563.19,Bangalore,0,0,1,0
41190.23,Delhi,6,0,0,0
46394.41,Hyderabad,3,0,1,0
48963.33,Bangalore,10,1,0,1
42441.88,Bangalore,1,0,0,0
27137.28,Hyderabad,4,0,0,0
609.92,Hyderabad,1,1,0,0
15888.0,Guntur,3,0,0,0
18478.22,Mumbai,1,1,1,1
38206.17,Pune,8,1,1,1
35674.47,Chennai,3,0,1,0
15561.92,Mumbai,1,0,0,0
952.09,Pune,1,1,1,0
13052.88,Guntur,2,1,1,1
16070.86,Guntur,3,1,1,1
6927.11,Mumbai,1,1,1,0
40378.28,Delhi,2,0,1,0
25383.81,Vijayawada,5,1,1,1
18881.39,Vijayawada,10,0,1,1
11431.43,Bangalore,6,0,0,0
39359.72,Pune,6,1,1,1
38680.89,Mumbai,7,0,0,0
3326.43,Chennai,1,0,1,0
3151.19,Mumbai,8,1,0,0
19275.28,Delhi,4,1,0,0
33262.52,Delhi,0,0,0,0
15970.7,Delhi,3,0,0,0
14895.69,Delhi,1,1,1,1
33618.78,Vijayawada,6,0,0,0
16683.31,Delhi,6,1,0,1
9378.23,Delhi,8,1,0,0
20889.31,Delhi,4,0,0,0
32669.86,Delhi,6,0,0,0
47285.21,Pune,3,1,0,0
23846.81,Chennai,2,1,0,0
44666.51,Pune,6,1,0,1
44806.45,Chennai,0,1,1,1
8900.61,Bangalore,5,1,0,0
400.72,Chennai,0,0,1,0
28927.75,Pune,1,1,1,1
47582.08,Mumbai,0,1,0,0
20633.54,Delhi,0,1,1,1
35562.93,Pune,5,1,0,1
42541.86,Bangalore,9,0,0,0
7443.41,Pune,2,1,0,0
37504.0,Vijayawada,2,1,0,0
3075.85,Delhi,2,0,0,0
5254.04,Delhi,1,1,1,0
21353.73,Pune,1,1,0,0
8302.65,Guntur,4,0,1,0
14518.61,Hyderabad,8,1,0,1
18802.37,Chennai,1,1,0,0
29267.26,Vijayawada,2,0,0,0
37369.18,Bangalore,9,0,0,0
9300.8,Guntur,6,1,1,1
3121.45,Delhi,8,0,0,0
23281.2,Pune,0,0,0,0
46200.16,Hyderabad,7,0,1,1
47073.98,Vijayawada,4,0,0,0
20722.11,Bangalore,7,0,1,1
18899.08,Vijayawada,3,0,1,0
28203.75,Hyderabad,7,1,0,1
27042.57,Mumbai,9,0,1,1
13079.47,Guntur,2,1,1,1
34974.15,Delhi,3,0,0,0
35065.65,Vijayawada,7,0,0,0
44750.9,Mumbai,1,1,0,0
32645.65,Vijayawada,4,1,0,0
41539.21,Mumbai,6,1,1,1
41220.73,Mumbai,7,0,1,1
48863.8,Mumbai,9,1,1,1
1267.41,Hyderabad,0,1,1,0
20992.92,Hyderabad,7,1,1,1
8565.34,Vijayawada,8,0,0,0
29791.59,Mumbai,2,0,0,0
38853.81,Bangalore,4,0,0,0
13026.5,Vijayawada,9,0,0,0
44947.74,Chennai,5,0,0,0
8748.33,Guntur,2,0,1,0
2132.78,Hyderabad,5,1,1,1
5764.75,Mumbai,3,1,1,0
39831.11,Pune,10,0,0,0
29086.67,Chennai,8,1,0,1
37777.15,Bangalore,3,0,0,0
42505.11,Vijayawada,6,0,1,1
461.4,Chennai,8,0,1,0
6210.2,Vijayawada,4,1,0,0
43997.22,Pune,0,1,1,1
15721.54,Guntur,9,0,0,0
7217.88,Guntur,7,1,0,0
24107.99,Vijayawada,4,1,1,1
3371.77,Bangalore,0,1,0,0
32081.77,Mumbai,9,0,1,1
31144.49,Pune,1,0,0,0
22372.29,Mumbai,3,0,1,0
11682.74,Bangalore,6,0,1,1
23725.28,Pune,2,1,1,1
5233.99,Guntur,2,0,1,0
22483.59,Vijayawada,3,0,0,0
33026.25,Vijayawada,8,1,1,1
13597.06,Guntur,3,0,0,0
17756.26,Hyderabad,3,1,1,1
15957.97,Guntur,4,0,0,0
29136.15,Hyderabad,1,1,0,0
25919.49,Vijayawada,7,1,1,1
13120.32,Bangalore,9,0,1,1
43012.48,Bangalore,2,0,0,0
31451.3,Vijayawada,10,1,0,1
36824.09,Delhi,0,1,1,1
2168.22,Chennai,7,1,0,0
44043.32,Guntur,2,1,1,1
17962.63,Mumbai,9,0,0,0
23416.77,Bangalore,8,1,1,1
2960.77,Chennai,8,1,1,1
41494.16,Pune,8,0,1,1
35559.01,Vijayawada,7,0,1,1
997.67,Delhi,8,1,1,1
6353.93,Bangalore,9,0,1,0
46206.49,Guntur,10,1,1,1
39308.21,Vijayawada,6,0,0,0
9259.99,Vijayawada,5,0,0,0
17698.17,Bangalore,10,1,0,1
22416.38,Bangalore,8,1,0,1
44052.51,Vijayawada,10,0,0,0
39666.65,Bangalore,3,1,0,0
28529.61,Pune,2,0,0,0
19781.51,Pune,7,0,0,0
19985.25,Mumbai,4,1,0,0
21572.4,Bangalore,2,0,1,0
32386.09,Hyderabad,0,0,0,0
36892.46,Mumbai,1,0,0,0
38174.47,Vijayawada,8,0,0,0
14964.14,Chennai,7,0,0,0
19177.84,Hyderabad,0,0,1,0
46595.04,Hyderabad,2,1,1,1
16086.5,Pune,4,1,0,0
41564.58,Vijayawada,0,1,1,1
19607.02,Hyderabad,3,1,0,0
28664.9,Chennai,3,1,0,0
13641.71,Vijayawada,1,1,1,1
42883.75,Chennai,10,0,0,0
39346.39,Bangalore,1,0,1,0
35656.31,Chennai,6,1,0,1
35799.27,Bangalore,6,1,1,1
5903.58,Delhi,3,1,0,0
23546.43,Pune,6,1,1,1
44725.35,Bangalore,0,1,0,0
30259.82,Pune,2,0,1,0
40461.71,Guntur,7,1,1,1
25628.69,Delhi,7,0,0,0
31024.16,Bangalore,9,0,0,0
34896.93,Chennai,0,0,1,0
22320.29,Delhi,4,1,0,0
8494.09,Mumbai,4,1,1,0
39826.92,Delhi,8,1,1,1
28556.6,Bangalore,0,0,1,0
38658.27,Vijayawada,5,0,1,1
20959.28,Delhi,9,0,1,1
8730.53,Guntur,8,1,1,1
32676.56,Mumbai,0,1,0,0
31328.49,Vijayawada,5,1,1,1
4659.38,Hyderabad,4,0,1,0
41777.93,Guntur,0,0,1,0
13166.33,Delhi,6,0,1,1
42336.86,Bangalore,10,1,0,1
11184.24,Chennai,8,1,1,1
22906.12,Delhi,6,1,0,1
42177.74,Pune,5,1,1,1
42469.08,Pune,2,1,0,0
27717.29,Guntur,1,1,1,1
26021.41,Vijayawada,8,0,0,0
22695.29,Bangalore,2,0,0,0
16792.62,Bangalore,7,1,0,1
48817.02,Hyderabad,5,1,1,1
16939.3,Delhi,0,0,0,0
13423.75,Hyderabad,6,0,0,0
19878.27,Hyderabad,10,1,0,1
40889.43,Vijayawada,7,0,0,0
36771.29,Bangalore,6,1,1,1
38827.47,Pune,9,0,1,1
16521.93,Pune,8,1,0,1
23589.34,Bangalore,3,1,0,0
34018.89,Hyderabad,2,1,1,1
37120.36,Bangalore,5,1,0,1
28592.98,Hyderabad,2,0,1,0
13191.85,Pune,8,1,0,1
34171.42,Pune,7,0,1,1
10376.04,Vijayawada,0,0,1,0
28936.23,Chennai,10,0,1,1
47180.92,Vijayawada,9,0,0,0
24577.85,Mumbai,8,0,1,1
48292.2,Guntur,3,0,1,0
22931.3,Bangalore,0,1,1,1
8663.62,Hyderabad,9,1,0,0
10391.72,Chennai,9,0,0,0
47886.3,Bangalore,4,0,0,0
18003.75,Hyderabad,9,1,1,1
49694.81,Mumbai,9,0,0,0
40994.35,Mumbai,7,0,0,0
12997.33,Chennai,9,0,1,1
28114.42,Hyderabad,8,1,0,1
34899.0,Guntur,10,0,1,1
20772.84,Pune,8,0,1,1
47697.02,Mumbai,4,0,0,0
44163.11,Pune,8,0,0,0
32559.52,Mumbai,4,0,0,0
173.49,Delhi,7,0,0,0
2814.52,Bangalore,9,0,1,0
2222.31,Hyderabad,0,0,0,0
25927.31,Pune,1,1,0,0
7596.11,Bangalore,2,1,0,0
41662.89,Hyderabad,8,1,0,1
22936.4,Delhi,8,1,0,1
31604.16,Hyderabad,1,0,1,0
21206.82,Guntur,9,0,1,1
8657.38,Vijayawada,7,1,1,1
876.24,Chennai,0,0,0,0
31282.53,Pune,7,0,0,0
9811.45,Chennai,4,1,1,0
16370.57,Bangalore,9,1,0,1
16766.99,Guntur,8,1,0,1
9014.27,Vijayawada,4,0,1,0
32915.71,Hyderabad,5,0,1,1
29319.79,Mumbai,2,0,1,0
12507.34,Pune,2,1,1,1
41163.61,Delhi,0,0,1,0
138.38,Mumbai,4,0,1,0
6734.58,Mumbai,4,0,1,0
11193.06,Delhi,6,1,0,1
39509.67,Pune,4,0,0,0
41370.75,Mumbai,4,0,0,0
43726.49,Chennai,9,1,1,1
25936.76,Vijayawada,4,1,1,1
49953.23,Hyderabad,2,0,1,0
19119.86,Guntur,7,1,1,1
6554.45,Vijayawada,9,1,1,1
6830.93,Pune,0,1,0,0
9307.49,Pune,6,0,0,0
20905.95,Vijayawada,1,1,1,1
9538.28,Chennai,5,1,0,0
10845.28,Delhi,8,1,1,1
35534.77,Pune,7,0,1,1
716.63,Vijayawada,1,0,1,0
2537.9,Mumbai,4,0,0,0
10087.09,Vijayawada,8,0,0,0
49553.0,Hyderabad,6,0,0,0
44850.56,Delhi,4,1,0,0
46504.32,Chennai,2,0,1,0
42660.06,Bangalore,4,0,0,0
5998.62,Vijayawada,3,1,1,0
45066.55,Hyderabad,8,1,0,1
29612.69,Pune,8,1,1,1
14926.42,Hyderabad,10,0,1,1
16542.38,Vijayawada,10,0,0,0
11753.26,Pune,3,0,1,0
21462.55,Vijayawada,1,1,1,1
45777.15,Pune,9,0,1,1
26744.01,Mumbai,0,0,1,0
12375.64,Pune,0,1,1,1
5115.15,Delhi,8,1,1,1
7731.47,Bangalore,10,1,0,0
12470.65,Guntur,4,1,1,1
35569.98,Chennai,5,0,0,0
24159.88,Guntur,9,1,1,1
735.36,Chennai,7,1,1,1
32153.94,Hyderabad,1,1,1,1
11365.21,Vijayawada,1,0,0,0
34780.99,Delhi,9,0,0,0
9749.47,Bangalore,7,0,0,0
36614.94,Delhi,4,1,1,1
14401.9,Delhi,9,0,1,1
21619.47,Chennai,7,1,0,1
15829.14,Pune,1,0,1,0
16135.5,Hyderabad,9,0,1,1
48875.11,Delhi,8,1,0,1
34784.32,Guntur,10,0,1,1
13472.43,Hyderabad,6,0,1,1
30290.43,Mumbai,1,1,0,0
17381.2,Delhi,1,0,1,0
13102.54,Chennai,9,1,1,1
30153.64,Delhi,1,1,0,0
41080.78,Hyderabad,0,0,1,0
29432.83,Bangalore,0,1,1,1
5949.76,Vijayawada,4,0,0,0
8992.73,Pune,8,0,0,0
19743.45,Mumbai,2,0,0,0
45775.39,Hyderabad,8,1,1,1
33037.57,Pune,8,0,0,0
16152.63,Pune,9,1,0,1
14195.98,Chennai,6,0,0,0
17193.04,Hyderabad,6,0,0,0
46633.78,Bangalore,9,1,1,1
42515.21,Delhi,8,0,1,1
2224.32,Vijayawada,9,1,0,0
2147.21,Bangalore,10,0,0,0
43296.07,Vijayawada,1,0,0,0
40556.77,Mumbai,6,0,0,0
26901.98,Mumbai,8,1,0,1
8234.17,Guntur,6,0,0,0
5660.78,Bangalore,10,1,0,0
49710.33,Hyderabad,10,0,0,0
15745.62,Delhi,9,1,0,1
23922.61,Bangalore,4,1,1,1
24064.36,Guntur,0,0,0,0
22245.27,Guntur,1,1,1,1
41161.43,Bangalore,9,1,0,1
21119.1,Vijayawada,7,1,1,1
43651.7,Pune,2,0,1,0
46150.17,Vijayawada,5,0,0,0
37477.11,Vijayawada,1,1,0,0
18761.12,Chennai,8,1,0,1
45351.79,Mumbai,8,1,0,1
46413.51,Hyderabad,0,1,0,0
19871.71,Mumbai,3,1,0,0
2296.44,Bangalore,8,0,1,0
41887.24,Chennai,9,0,0,0
29373.42,Hyderabad,9,0,0,0
40294.16,Mumbai,3,0,0,0
6849.26,Vijayawada,9,1,1,1
34459.12,Mumbai,7,1,1,1
11640.13,Hyderabad,1,0,1,0
2572.0,Vijayawada,8,1,0,0
43165.71,Bangalore,7,1,1,1
33113.15,Hyderabad,4,1,0,0
16019.24,Mumbai,8,1,1,1
11333.94,Guntur,1,0,0,0
35946.48,Mumbai,9,1,1,1
26516.69,Pune,4,1,1,1
49019.51,Vijayawada,2,0,1,0
6255.06,Mumbai,9,1,0,0
35000.63,Pune,6,0,0,0
5217.19,Pune,6,0,1,0
1621.12,Vijayawada,0,1,1,0
37912.69,Chennai,6,0,0,0
17730.64,Hyderabad,1,1,1,1
3643.21,Delhi,3,0,0,0
11596.93,Delhi,10,0,1,1
40467.27,Mumbai,5,1,0,1
26375.31,Vijayawada,9,0,1,1
9044.21,Chennai,4,0,0,0
29577.46,Hyderabad,4,1,1,1
35511.79,Guntur,4,1,0,0
34032.47,Mumbai,5,1,0,1
36161.83,Pune,1,0,1,0
48224.75,Pune,4,1,0,0
16571.88,Mumbai,1,0,0,0
35702.81,Pune,7,1,1,1
27392.24,Hyderabad,0,1,1,1
38622.64,Guntur,3,1,1,1
27148.84,Vijayawada,3,0,0,0
8280.73,Delhi,9,1,1,1
12170.59,Chennai,3,0,1,0
39328.09,Bangalore,2,0,1,0
13027.91,Chennai,2,0,1,0
38178.02,Vijayawada,6,1,1,1
12988.54,Vijayawada,7,1,0,1
11269.34,Hyderabad,8,1,0,1
6919.37,Guntur,10,0,0,0
12642.97,Chennai,0,0,1,0
11474.86,Vijayawada,2,1,1,1
10699.65,Vijayawada,4,1,0,0
44483.95,Mumbai,0,1,1,1
43114.68,Vijayawada,5,1,1,1
44845.29,Pune,0,1,1,1
28462.86,Chennai,9,0,0,0
6303.42,Chennai,0,1,1,0
10750.86,Vijayawada,2,0,1,0
45689.19,Delhi,7,1,1,1
10995.36,Pune,1,1,0,0
20150.27,Delhi,4,1,0,0
272.11,Chennai,8,1,0,0
18984.76,Vijayawada,0,1,1,1
31232.86,Guntur,4,0,1,0
36423.51,Hyderabad,0,1,1,1
6700.59,Pune,7,1,0,0
23714.82,Delhi,5,0,1,1
21070.37,Vijayawada,5,0,1,1
788.29,Chennai,0,0,1,0
40262.03,Bangalore,10,1,1,1
47298.63,Bangalore,1,1,1,1
15821.56,Chennai,7,0,0,0
49048.92,Guntur,9,1,1,1
12958.6,Mumbai,8,1,0,1
40711.99,Vijayawada,0,1,0,0
41194.95,Vijayawada,6,1,0,1
6676.22,Guntur,3,1,1,0
6625.04,Mumbai,2,0,0,0
30834.3,Bangalore,8,1,0,1
912.55,Pune,1,0,1,0
37091.49,Bangalore,2,0,0,0
46958.44,Mumbai,4,0,0,0
19944.81,Vijayawada,7,1,0,1
45458.77,Delhi,2,0,1,0
2984.65,Pune,10,1,0,0
26155.61,Bangalore,6,0,0,0
28819.17,Delhi,5,1,1,1
37404.91,Hyderabad,9,1,1,1
37676.61,Bangalore,5,1,1,1
28411.71,Hyderabad,6,0,0,0
42830.17,Pune,7,0,0,0
40218.85,Pune,0,0,0,0
4275.33,Guntur,6,0,0,0
20992.86,Pune,5,1,1,1
47559.05,Mumbai,5,1,1,1
16456.14,Guntur,5,1,1,1
49560.78,Pune,2,1,1,1
13802.4,Delhi,0,0,1,0
16945.17,Hyderabad,6,0,1,1
17934.92,Bangalore,6,1,1,1
16322.3,Bangalore,2,0,1,0
13074.6,Hyderabad,8,1,1,1
7271.64,Pune,3,0,1,0
947.73,Hyderabad,3,1,1,0
36536.47,Pune,7,0,0,0
9779.89,Vijayawada,9,1,1,1
45823.72,Vijayawada,8,1,0,1
2356.59,Hyderabad,5,0,0,0
49157.65,Bangalore,4,0,0,0
33431.87,Delhi,0,1,0,0
29859.19,Bangalore,9,1,0,1
16898.1,Chennai,2,1,0,0
18192.67,Bangalore,9,1,0,1
15956.88,Mumbai,0,1,0,0
37700.2,Hyderabad,6,1,1,1
28694.54,Hyderabad,7,0,1,1
44424.73,Pune,9,0,0,0
154.38,Vijayawada,9,1,1,1
32568.61,Mumbai,0,0,0,0
45576.24,Bangalore,9,0,1,1
30565.16,Bangalore,0,1,0,0
7762.89,Delhi,3,0,1,0
23611.13,Mumbai,8,1,1,1
30522.16,Pune,1,1,0,0
36916.92,Hyderabad,10,0,0,0
25092.93,Bangalore,2,1,1,1
5390.46,Chennai,6,0,0,0
8498.93,Pune,6,0,1,0
35849.93,Pune,4,0,1,0
41948.32,Delhi,4,0,0,0
9704.24,Vijayawada,0,1,1,0
42186.88,Guntur,3,0,1,0
49088.13,Vijayawada,8,0,1,1
14815.56,Mumbai,2,1,1,1
28200.01,Vijayawada,6,0,1,1
11854.77,Delhi,7,0,0,0
6040.45,Vijayawada,9,0,0,0
11477.15,Pune,10,0,0,0
15886.28,Bangalore,4,1,0,0
40515.0,Guntur,7,1,1,1
31393.28,Mumbai,7,1,1,1
15762.34,Delhi,9,0,0,0
37472.45,Guntur,7,0,1,1
16088.24,Mumbai,9,0,1,1
25545.4,Pune,9,1,0,1
41356.03,Pune,3,1,1,1
10347.61,Delhi,0,0,0,0
19989.82,Guntur,2,0,1,0
9102.29,Guntur,10,0,1,0
27404.38,Pune,8,0,0,0
42381.99,Delhi,1,0,0,0
451.44,Guntur,6,1,0,0
2449.06,Delhi,9,0,0,0
38988.85,Chennai,9,0,1,1
11272.79,Delhi,8,1,1,1
46073.88,Pune,3,1,0,0
24592.41,Chennai,7,1,0,1
16982.13,Delhi,7,0,1,1
11882.67,Guntur,1,0,0,0
16212.94,Delhi,5,0,1,1
33838.35,Guntur,0,1,0,0
26287.4,Bangalore,9,0,1,1
13244.04,Guntur,4,1,0,0
48595.74,Delhi,4,0,1,0
47553.59,Chennai,10,0,0,0
48891.07,Pune,5,0,0,0
26834.13,Pune,7,0,1,1
40974.86,Delhi,8,0,0,0
43929.24,Vijayawada,7,1,0,1
11682.83,Pune,4,1,1,1
25667.67,Bangalore,4,1,1,1
1334.51,Bangalore,3,1,1,0
40738.74,Vijayawada,1,1,0,0
30696.48,Chennai,7,0,1,1
43443.34,Delhi,5,1,1,1
35350.28,Chennai,2,0,1,0
5312.58,Vijayawada,6,0,0,0
28290.25,Bangalore,1,1,1,1
32162.39,Bangalore,3,0,0,0
4614.46,Bangalore,5,0,1,0
26923.45,Hyderabad,9,1,1,1
47342.04,Pune,3,1,1,1
42343.3,Guntur,4,1,0,0
17334.31,Guntur,10,1,1,1
46086.75,Pune,7,1,0,1
3275.74,Vijayawada,0,1,0,0
44888.24,Guntur,1,0,1,0
32311.97,Bangalore,4,0,0,0
41905.08,Hyderabad,10,1,1,1
35291.15,Delhi,4,0,1,0
14461.3,Bangalore,2,0,1,0
33255.45,Vijayawada,3,0,0,0
21295.14,Pune,10,1,0,1
35383.3,Pune,2,0,0,0
18917.87,Pune,7,0,1,1
20751.76,Mumbai,1,0,0,0
37355.61,Hyderabad,3,1,0,0
6807.92,Bangalore,2,0,0,0
30724.56,Chennai,8,0,0,0
36287.38,Delhi,6,0,1,1
17968.36,Delhi,0,0,1,0
30751.98,Bangalore,5,0,1,1
40731.2,Hyderabad,1,1,1,1
30877.39,Guntur,3,0,1,0
22950.27,Bangalore,6,1,1,1
7091.61,Pune,6,0,0,0
12392.01,Guntur,2,1,0,0
28423.82,Mumbai,5,1,1,1
29174.13,Delhi,2,0,1,0
18843.89,Hyderabad,4,0,1,0
1413.66,Vijayawada,8,1,0,0
37173.26,Chennai,5,1,0,1
41604.0,Pune,4,1,1,1
24107.45,Bangalore,2,0,0,0
23494.22,Bangalore,3,0,0,0
46265.06,Mumbai,4,1,0,0
34363.22,Mumbai,4,0,0,0
4730.47,Mumbai,4,1,1,0
10761.45,Hyderabad,2,0,1,0
29199.83,Delhi,4,0,1,0
32566.51,Hyderabad,6,0,0,0
34948.42,Guntur,5,0,0,0
36182.02,Guntur,8,1,0,1
15669.79,Guntur,9,0,1,1
46922.1,Delhi,4,0,1,0
26789.55,Delhi,2,0,0,0
39941.75,Hyderabad,1,1,0,0
30795.46,Bangalore,6,1,1,1
6530.81,Hyderabad,7,0,1,0
7225.12,Guntur,6,0,0,0
18677.16,Hyderabad,4,0,0,0
20271.79,Hyderabad,0,0,0,0
9332.47,Mumbai,8,1,1,1
45506.69,Vijayawada,0,1,0,0
14486.5,Vijayawada,1,0,1,0
1462.69,Guntur,6,1,0,0
15820.35,Hyderabad,4,1,0,0
4862.88,Chennai,6,1,0,0
42455.35,Vijayawada,8,0,0,0
42658.74,Mumbai,4,0,0,0
11682.15,Vijayawada,9,0,0,0
2454.86,Guntur,6,0,0,0
48047.93,Guntur,9,0,0,0
37932.42,Chennai,4,1,0,0
28836.22,Mumbai,3,0,0,0
9158.62,Vijayawada,6,0,0,0
12238.52,Pune,9,1,1,1
33995.82,Bangalore,5,0,0,0
9364.96,Delhi,6,1,1,1
21467.02,Pune,0,0,1,0
21527.0,Mumbai,4,0,0,0
12451.11,Bangalore,7,1,0,1
33127.36,Delhi,8,1,0,1
41535.84,Mumbai,5,1,0,1
34449.06,Mumbai,6,1,1,1
28179.76,Pune,1,1,1,1
48026.01,Pune,5,0,0,0
20882.81,Mumbai,1,1,1,1
11036.86,Bangalore,6,1,0,1
43920.03,Mumbai,4,1,1,1
33379.48,Vijayawada,5,0,1,1
38118.28,Vijayawada,9,1,0,1
14552.84,Bangalore,6,1,0,1
5252.56,Delhi,7,0,0,0
43184.22,Mumbai,6,0,0,0
13645.53,Mumbai,10,1,1,1
25060.54,Pune,6,0,0,0
39261.13,Delhi,6,0,1,1
29552.86,Guntur,3,0,1,0
17788.78,Pune,3,0,0,0
44857.17,Guntur,8,0,1,1
1558.42,Delhi,0,1,0,0
6626.86,Hyderabad,0,1,0,0
47154.94,Hyderabad,4,1,1,1
27841.0,Chennai,2,1,1,1
5979.45,Chennai,1,1,1,0
29648.45,Vijayawada,4,1,1,1
16233.41,Pune,4,0,0,0
42138.15,Chennai,4,1,1,1
45866.34,Vijayawada,3,0,1,0
37427.76,Chennai,9,1,0,1
19831.04,Guntur,9,1,0,1
9157.95,Delhi,6,1,1,1
4512.72,Pune,6,1,0,0
34128.21,Mumbai,8,0,0,0
11111.61,Pune,1,0,0,0
5461.07,Pune,5,0,0,0
38825.93,Guntur,3,1,0,0
9814.9,Chennai,3,1,1,0
23864.28,Chennai,10,1,1,1
47854.17,Hyderabad,4,0,1,0
41293.68,Hyderabad,8,1,0,1
47755.17,Hyderabad,6,1,0,1
3788.28,Pune,4,0,0,0
620.05,Hyderabad,4,0,0,0
42436.2,Vijayawada,10,0,0,0
26528.88,Pune,6,1,0,1
45807.33,Chennai,0,0,0,0
14669.71,Mumbai,1,0,1,0
15187.93,Chennai,4,0,0,0
16030.65,Delhi,1,1,0,0
28317.17,Guntur,10,0,1,1
10349.9,Guntur,8,1,0,1
16263.88,Delhi,7,0,0,0
5888.71,Hyderabad,2,0,1,0
49818.3,Vijayawada,4,1,0,0
48535.41,Guntur,8,0,1,1
6049.63,Mumbai,8,1,1,1
6922.2,Pune,7,0,0,0
23874.2,Pune,8,1,1,1
14798.75,Chennai,6,0,0,0
27749.98,Bangalore,1,0,1,0
30771.84,Bangalore,1,1,0,0
8549.03,Mumbai,10,0,0,0
14269.55,Guntur,0,0,0,0
46012.05,Pune,3,1,0,0
29880.92,Guntur,6,0,1,1
20385.35,Vijayawada,4,1,1,1
49917.18,Guntur,2,1,1,1
200.63,Delhi,10,1,1,1
36061.13,Mumbai,1,1,1,1
21353.35,Hyderabad,9,1,0,1
1628.21,Delhi,1,1,1,0
17458.62,Mumbai,10,1,0,1
18266.68,Vijayawada,8,1,0,1
22467.92,Pune,1,1,0,0
20269.95,Mumbai,10,1,1,1
1391.93,Hyderabad,6,0,1,0
33200.51,Guntur,1,1,1,1
41957.73,Vijayawada,0,1,1,1
13107.78,Hyderabad,8,1,0,1
271.18,Hyderabad,10,1,1,1
33648.56,Vijayawada,1,1,0,0
484.61,Guntur,6,0,0,0
6173.56,Chennai,10,0,0,0
7226.98,Vijayawada,2,0,0,0
14267.03,Mumbai,8,1,1,1
43329.78,Bangalore,8,0,1,1
1694.29,Bangalore,4,0,0,0
22673.32,Guntur,1,0,1,0
35256.1,Mumbai,3,1,0,0
9792.57,Vijayawada,7,0,0,0
46184.43,Guntur,0,1,1,1
32013.87,Hyderabad,10,1,1,1
29979.87,Vijayawada,7,0,0,0
46339.05,Bangalore,0,0,0,0
5206.1,Bangalore,4,1,0,0
3952.34,Bangalore,5,0,0,0
14466.77,Bangalore,8,1,1,1
36664.92,Vijayawada,10,0,0,0
4341.62,Pune,8,0,0,0
11178.45,Chennai,5,1,0,1
23286.49,Guntur,9,0,0,0
11173.74,Chennai,10,1,1,1
41118.76,Mumbai,6,0,1,1
27672.22,Bangalore,5,1,1,1
34923.85,Hyderabad,0,1,0,0
41722.37,Bangalore,9,1,0,1
18028.38,Pune,2,1,0,0
3427.21,Pune,0,1,1,0
23038.92,Mumbai,3,1,1,1
22258.2,Mumbai,0,0,1,0
7280.69,Pune,6,0,0,0
33227.72,Vijayawada,1,1,0,0
17949.95,Chennai,10,0,1,1
23997.64,Bangalore,6,0,1,1
13540.73,Mumbai,7,1,0,1
40155.1,Chennai,0,1,0,0
37222.94,Bangalore,4,0,0,0
25662.96,Delhi,0,1,0,0
35500.96,Mumbai,4,0,1,0
12405.37,Mumbai,6,0,1,1
15834.73,Vijayawada,4,0,1,0
41721.41,Vijayawada,9,1,0,1
13949.77,Chennai,5,1,0,1
49837.79,Mumbai,3,0,0,0
33815.26,Chennai,4,1,0,0
42431.34,Chennai,5,0,1,1
2399.9,Pune,0,0,1,0
9272.67,Vijayawada,9,0,1,0
5050.52,Vijayawada,4,0,0,0
1419.5,Vijayawada,1,1,1,0
45268.11,Pune,5,0,0,0
19184.24,Pune,3,1,0,0
11142.41,Chennai,2,1,0,0
6143.39,Bangalore,3,0,0,0
26628.78,Vijayawada,5,0,0,0
2349.65,Chennai,1,0,0,0
32185.05,Delhi,3,1,0,0
30249.35,Hyderabad,1,0,0,0
32341.77,Guntur,2,1,1,1
18901.46,Bangalore,2,1,1,1
35030.69,Bangalore,1,1,1,1
222.62,Hyderabad,7,0,0,0
14354.17,Chennai,5,0,0,0
4233.91,Guntur,6,1,1,1
14314.7,Bangalore,6,1,1,1
41909.55,Bangalore,7,0,0,0
47254.55,Guntur,5,0,0,0
33536.99,Pune,7,1,1,1
17065.07,Pune,5,0,1,1
3438.13,Mumbai,0,0,0,0
23891.83,Hyderabad,0,1,0,0
7878.4,Pune,3,0,0,0
23975.18,Pune,8,1,0,1
31497.06,Mumbai,7,1,0,1
12379.11,Guntur,2,0,1,0
27003.64,Vijayawada,9,0,0,0
18989.68,Pune,10,1,1,1
11111.44,Bangalore,7,0,0,0
42305.57,Hyderabad,9,1,0,1
2098.12,Chennai,3,1,1,0
28532.9,Guntur,8,0,0,0
10438.24,Pune,4,1,1,1
19061.47,Bangalore,3,0,1,0
5253.75,Pune,10,0,1,0
17190.68,Vijayawada,1,1,0,0
2158.08,Pune,1,1,0,0
40211.04,Bangalore,2,1,1,1
9281.06,Guntur,7,0,1,0
40293.56,Mumbai,7,0,1,1
47159.05,Mumbai,3,0,1,0
33664.8,Pune,5,1,1,1
13082.87,Vijayawada,7,1,1,1
8317.87,Guntur,9,1,1,1
1181.84,Hyderabad,6,0,1,0
47932.84,Mumbai,9,0,1,1
19215.57,Hyderabad,5,0,0,0
43331.76,Delhi,2,1,1,1
9048.22,Delhi,3,1,0,0
29256.91,Vijayawada,3,1,1,1
3740.17,Pune,9,0,1,0
43446.96,Vijayawada,10,1,0,1
7452.48,Delhi,3,1,1,0
27550.18,Mumbai,10,0,1,1
48626.04,Mumbai,9,1,0,1
5899.25,Delhi,8,1,0,0
1308.94,Bangalore,3,0,0,0
22693.9,Chennai,10,0,0,0
22290.9,Mumbai,2,0,1,0
3295.16,Delhi,6,1,1,1
686.36,Vijayawada,3,1,0,0
42450.25,Hyderabad,8,1,0,1
5729.9,Hyderabad,2,0,0,0
44577.93,Vijayawada,10,1,1,1
19446.14,Chennai,4,0,0,0
21200.69,Vijayawada,7,1,0,1
46931.39,Guntur,8,1,1,1
34895.86,Bangalore,6,0,1,1
30368.82,Hyderabad,4,1,0,0
28158.33,Hyderabad,5,1,1,1
5774.86,Mumbai,3,0,1,0
38203.53,Hyderabad,1,0,1,0
41261.02,Mumbai,0,0,0,0
14659.5,Hyderabad,1,1,1,1
27090.58,Bangalore,0,0,0,0
12838.52,Hyderabad,1,0,1,0
13669.77,Pune,1,1,1,1
44691.88,Mumbai,5,0,0,0
9627.52,Chennai,10,0,1,0
23917.86,Hyderabad,7,1,1,1
9934.54,Pune,9,0,0,0
25864.35,Delhi,5,1,1,1
5588.49,Guntur,7,1,0,0
48107.12,Delhi,9,0,0,0
39536.46,Chennai,10,0,1,1
24238.27,Guntur,1,1,0,0
18354.1,Guntur,6,1,1,1
4350.85,Delhi,9,1,1,1
17876.77,Vijayawada,8,0,0,0
20749.78,Hyderabad,7,0,1,1
16708.69,Chennai,8,0,1,1
12853.61,Pune,10,0,1,1
16424.74,Mumbai,2,1,0,0
47597.58,Vijayawada,3,0,1,0
19456.03,Delhi,10,0,0,0
45280.53,Guntur,7,1,0,1
34097.84,Pune,8,1,1,1
27447.85,Chennai,9,0,0,0
422.36,Vijayawada,8,1,0,0
45057.41,Pune,7,0,1,1
21556.88,Mumbai,8,0,1,1
3574.66,Mumbai,5,0,0,0
6376.52,Pune,8,1,1,1
5414.12,Chennai,3,0,1,0
47074.71,Hyderabad,0,1,0,0
31981.54,Delhi,3,0,1,0
23510.22,Vijayawada,1,0,1,0
16020.07,Hyderabad,7,1,0,1
39033.61,Guntur,0,0,1,0
7406.7,Vijayawada,0,0,1,0
9753.76,Chennai,10,1,1,1
44433.55,Delhi,0,1,1,1
49274.24,Delhi,1,1,0,0
5505.99,Pune,5,1,1,1
20191.53,Hyderabad,7,1,1,1
30402.06,Chennai,10,1,0,1
14449.85,Mumbai,4,0,0,0
7701.72,Mumbai,4,0,1,0
9894.21,Vijayawada,7,0,0,0
41905.65,Chennai,9,0,1,1
49205.31,Mumbai,0,1,0,0
34694.64,Hyderabad,7,0,1,1
38136.93,Guntur,5,1,0,1
45402.86,Hyderabad,5,0,0,0
3555.22,Hyderabad,2,1,0,0
25245.58,Chennai,2,1,1,1
33504.29,Chennai,7,1,1,1
11110.79,Delhi,4,0,1,0
44732.1,Bangalore,9,0,0,0
